Feature1,Feature2,Pearson_Corr,Pearson_p-value,Spearman_Corr,Spearman_p-value,Kendall_Corr,Kendall_p-value
dom_books,for_books,0.23779472786845585,1.0273560475208508e-52,0.36340759494834945,1.3943667594335675e-125,0.2577167506959904,3.015930742205006e-120
dom_books,local_mat,0.39548603164686214,2.1036771498377116e-150,0.4918752892862658,1.2357445564342113e-243,0.3754523007447621,2.9111893087569888e-238
dom_books,nonbook_mat,0.44429840984281654,7.520655178199989e-194,0.7425068776123882,0.0,0.5566973631683201,0.0
dom_books,elec_mat,0.33622155632850226,1.1571993966497045e-106,0.4386866356795814,1.753228380502711e-188,0.3193582298126304,7.601313737921701e-187
dom_books,serials,0.505735923757586,1.1014339522369784e-259,0.6688718307231606,0.0,0.48222564292367937,0.0
dom_books,ann_growth,0.4305268779711743,7.414467306619087e-181,0.5508168411561921,2.425651e-317,0.4162553090928317,0.0
dom_books,ann_weeding,0.3617777500348828,2.147304176884608e-124,0.4772551310050642,1.7304505401873555e-227,0.3541125576297425,1.1061335961871615e-217
dom_books,lib_site_area,0.3741546925419678,1.3765309960771552e-133,0.4938704171935083,6.714770986144334e-246,0.34789907690430194,3.1003609614681386e-239
dom_books,lib_build_area,0.5224278247558716,5.044632856401889e-280,0.6977412506472609,0.0,0.5155543954881702,0.0
dom_books,total_seats,0.5038082263783334,2.0832146025104468e-257,0.7096034951097792,0.0,0.5232939073975081,0.0
dom_books,user_comps,0.4577647297744639,3.7743098944226076e-207,0.6090571703652546,0.0,0.4388265036339844,0.0
dom_books,self_srv_machines,0.186344550860972,1.090488286950687e-32,0.21176408070717825,6.326216321183686e-42,0.1624075564033833,5.300692618068566e-42
dom_books,full_time,0.5650877966204948,0.0,0.7430801902598302,0.0,0.5741180561257101,0.0
dom_books,part_time,0.3250532632234916,2.0047484623773193e-99,0.45223251444576473,1.2973497432385807e-201,0.3177754191547598,6.858407493495355e-186
dom_books,support_staff,0.28524789683356805,5.097282601026625e-76,0.36143985423673197,3.777633751626739e-124,0.25231259145488955,1.1054014067218818e-121
dom_books,total_budget,0.41006981200985826,1.229021494399543e-162,0.7069313420559244,0.0,0.5251550520133901,0.0
dom_books,acq_budget,0.38303476013255994,1.9521525657540574e-140,0.6508762446745466,0.0,0.48118431200768,0.0
dom_books,open_days,0.20459112408166377,3.4329497758876055e-39,0.2326046134941878,1.8738998585302993e-50,0.15914734871954916,1.2323998812581855e-49
dom_books,avg_week_hours,0.15367374023964953,1.226426887857033e-22,0.2763687484954,2.7375305519883365e-71,0.18578975088032293,1.7135904143904375e-67
dom_books,reg_members,0.4962411957738985,1.3063796743004343e-248,0.7093910430900953,0.0,0.5230137031445105,0.0
dom_books,lib_visitors,0.4469404414385507,2.0606372625363387e-196,0.6624062552063442,0.0,0.4765887032029513,0.0
dom_books,service_recip,0.15702775595269347,1.409692476490062e-23,0.15115037057040132,6.049673577981201e-22,0.10889036220959485,4.666747338905213e-25
dom_books,borrowers,0.31873445752722424,1.8375946638653763e-95,0.3957704070310037,1.2310059916197765e-150,0.26827442859483824,3.1566399289528262e-143
dom_books,loans,0.46744784901059266,4.338109060569405e-217,0.6484881886829571,0.0,0.4597207762981451,0.0
dom_books,interlib_loans,0.19724032336823855,1.709916781700135e-36,0.3165832108077943,3.9038679097414923e-94,0.23789889012449567,6.706126106163821e-102
dom_books,info_serv_requests,0.2680054069892013,5.4254138955772216e-67,0.3442142603572099,4.953577809849066e-112,0.2421970431739379,4.42199805921269e-110
dom_books,web_access,0.34574143210439,4.4775290257344824e-113,0.4376864833677305,1.5484444732477643e-187,0.30738765928970374,1.1313494987377694e-183
dom_books,user_ed_sessions,0.317365250621287,1.2890546013128699e-94,0.406838929610724,7.125309597751543e-160,0.28526921970964236,2.5258181522959933e-156
dom_books,user_ed_partic,0.3349111957383476,8.481410145066395e-106,0.45028533540402343,1.0899877284298533e-199,0.3177079348019558,1.6720462559272898e-194
dom_books,prog_sessions,0.3420555937562028,1.4470795051074785e-110,0.46747833217106316,4.031817459169978e-217,0.32566092995346485,2.1130074995003355e-208
dom_books,prog_partic,0.3956300533312791,1.6037895432520663e-150,0.5982994065441146,0.0,0.4274304840554255,0.0
dom_books,disab_mat,0.3433573625232377,1.897065433845242e-111,0.42171775900576064,7.428801192629166e-173,0.3071226688473042,1.5648143428758013e-165
dom_books,vuln_group_budget,0.3124374746968145,1.3135933074305036e-91,0.40272436256210187,2.1273114320747386e-156,0.3015681820691321,2.927467372056324e-150
dom_books,total_settlement,0.3365243629311901,7.292959851375765e-107,0.7173052126199411,0.0,0.5354600523057268,0.0
dom_books,acq_budget_settlement,0.3169428395540787,2.3462768399687118e-94,0.6239520203973495,0.0,0.46672729635584687,0.0
for_books,local_mat,0.2432404063559342,3.799052216489883e-55,0.2423708165096389,9.37898395623667e-55,0.18660661496199926,6.906689444878486e-55
for_books,nonbook_mat,0.23580913208708526,7.642936588327744e-52,0.31494270380809736,3.9470971976618166e-93,0.22331477918378526,7.5278906417129735e-90
for_books,elec_mat,0.2835211642237032,4.3737830881806387e-75,0.35225272709573585,1.3624383582100703e-117,0.2605916520918531,1.1771200915910678e-113
for_books,serials,0.34752501557535964,2.657482232569947e-114,0.37177090201612745,8.728740408717373e-132,0.26354758021361174,5.350299900208782e-125
for_books,ann_growth,0.344496629958875,3.1794296570111668e-112,0.4325827244917389,9.297279359279194e-183,0.30920386722256477,3.3686418181362903e-172
for_books,ann_weeding,0.12328845598993043,4.557140657399904e-15,0.1438123760515335,5.376167698601212e-20,0.10850602036431371,3.8950518468893036e-20
for_books,lib_site_area,0.1722545363832796,4.164549760872647e-28,0.21486997032794944,3.849898832279131e-43,0.1506282787836737,3.0225659828035946e-42
for_books,lib_build_area,0.36412108716938757,4.191185183562194e-126,0.42921626149318354,1.1900823568289053e-179,0.30767775317897406,2.2399670637645104e-170
for_books,total_seats,0.26153811341183525,8.985242084276184e-64,0.3107735166711619,1.3223602316716615e-90,0.2199040890634861,7.980075646939118e-88
for_books,user_comps,0.33010319838606594,1.1655908018839596e-102,0.39057437306822396,2.0252933889101672e-146,0.28103319537139415,3.1078129988996044e-140
for_books,self_srv_machines,0.3999249434630734,4.615327144395931e-154,0.4372494004430835,4.0025840032041673e-187,0.3548351623812092,1.132779329871626e-175
for_books,full_time,0.35352854425156177,1.7246462267912706e-118,0.37959800298204227,9.253607004268938e-138,0.27851133286399077,2.7351886517986236e-132
for_books,part_time,0.44326019211697576,7.532352148318345e-193,0.4983788938438425,4.5001578547111455e-251,0.3717676681066456,2.6784495175208624e-230
for_books,support_staff,0.4515681661833676,5.902418956220271e-201,0.4887272856019013,4.3167487923333e-240,0.35830504760026305,6.410322881298036e-221
for_books,total_budget,0.3190852169653397,1.1137886922796983e-95,0.4788921622643829,2.944704602726288e-229,0.34757208600759915,5.715920974483607e-217
for_books,acq_budget,0.2968884038789953,1.737095275470278e-82,0.4588500350069477,3.0109004002441306e-208,0.3329683620751745,3.4306255637378425e-199
for_books,open_days,0.03790904990860376,0.016310781552693138,0.08188177961389999,2.0491575110628088e-07,0.058038898254074114,2.678547708261569e-07
for_books,avg_week_hours,0.14398874265676528,4.8394615638298935e-20,0.17588737165161167,2.9811037366720144e-29,0.12468931893624541,1.3169935973144429e-28
for_books,reg_members,0.35049165323756587,2.325558695884673e-116,0.45501540695541715,2.1924893768812e-204,0.3265912395179493,8.710856004959239e-192
for_books,lib_visitors,0.3887593543265429,5.773345816611678e-145,0.4977782663249491,2.223215568113173e-250,0.36199166517251086,2.9897080927440592e-235
for_books,service_recip,0.3081613609936306,4.816014507038075e-89,0.4214306445766525,1.34182480597426e-172,0.2978734967837987,7.582271128736855e-160
for_books,borrowers,0.2466539518585778,1.0563250215019427e-56,0.2935145671221075,1.398881084219981e-80,0.21257201974886183,2.04497552913427e-82
for_books,loans,0.36622168278388756,1.1957635527503927e-127,0.5430211625615063,9.788297158621426e-307,0.39951100002212003,4.926417351392587e-286
for_books,interlib_loans,0.4163725100916893,4.0791829870846554e-168,0.4539193435354714,2.727946474341685e-203,0.3417073660149872,5.709679537226533e-189
for_books,info_serv_requests,0.38742087383968016,6.737486602751526e-144,0.3988243451232906,3.77226974642571e-153,0.2928311233105237,2.4767244755636906e-145
for_books,web_access,0.3876546684030828,4.39004881335866e-144,0.4635352165004729,4.9227927448105556e-213,0.3389403740660106,2.2698703513333554e-202
for_books,user_ed_sessions,0.3610459488081582,7.2918249981185894e-124,0.4024502680586568,3.6106289046850894e-156,0.2926501813964328,2.4506594725216993e-149
for_books,user_ed_partic,0.37689889896830964,1.1098459582186525e-135,0.4432668558262892,7.421966215178953e-193,0.3215862451784249,6.29652622067421e-181
for_books,prog_sessions,0.3194534124316399,6.58009736842647e-96,0.35866237771805554,3.824199120830299e-122,0.25777962979337643,2.4818444486770973e-119
for_books,prog_partic,0.3653668323584832,5.101120334281199e-127,0.42916283825949825,1.3323010236454988e-179,0.30696282538771974,1.878776142758626e-169
for_books,disab_mat,0.36643470156413976,8.324388398764294e-128,0.38399920663756704,3.418274288940813e-141,0.2931676329431835,3.529292453721623e-137
for_books,vuln_group_budget,0.3229697809618305,4.1595874963143964e-98,0.34284348297037964,4.235681908148705e-111,0.2684401060040455,1.450233566448978e-108
for_books,total_settlement,0.30448700764996467,7.113635831373675e-87,0.4678281268774653,1.7392770111588451e-217,0.33919799985394533,1.0796106331712865e-206
for_books,acq_budget_settlement,0.28139594611309526,6.0356035626093375e-74,0.4719341567975139,8.362841775056332e-222,0.34181485487209745,2.5035372208944504e-209
local_mat,nonbook_mat,0.3358711629058042,1.9730617157522752e-106,0.43034080488935345,1.1004079993024065e-180,0.3259415101592616,3.091175256033699e-178
local_mat,elec_mat,0.35509291869563364,1.3501565094708515e-119,0.35843894321986813,5.533372548282234e-122,0.27306428594810295,1.941274865761928e-117
local_mat,serials,0.39652250015140394,2.9763237738216265e-151,0.4088607265064349,1.3403548860335794e-161,0.30660166071301126,9.691923531848628e-159
local_mat,ann_growth,0.2608777478942773,1.893116450270084e-63,0.2954959283234997,1.0705190227526773e-81,0.22078653545984506,1.083129236677464e-83
local_mat,ann_weeding,0.2436221744549703,2.551948718987161e-55,0.24467121525895194,8.520672835645149e-56,0.1915054236947155,8.002618186831624e-56
local_mat,lib_site_area,0.31483605314315116,4.5854274584614425e-93,0.337732654678696,1.149686736538801e-107,0.24949805921711354,3.098495047837222e-106
local_mat,lib_build_area,0.38986975208366376,7.4543642446092285e-146,0.38576968076718904,1.3741431572596469e-142,0.28655385696890584,1.5954060005205837e-139
local_mat,total_seats,0.3437120574804837,1.0887216512778505e-111,0.35105836950168695,9.351062718541198e-117,0.26226211385748727,5.814557860060037e-117
local_mat,user_comps,0.3200433571775669,2.8270342981628605e-96,0.32677765473094983,1.6001547172638918e-100,0.2416108581428989,3.40769530561375e-98
local_mat,self_srv_machines,0.1964840692874873,3.1950977738129245e-36,0.18846257126113333,2.0701836344034045e-33,0.15640393728801708,1.2492557507742635e-33
local_mat,full_time,0.4078871684975007,9.112401824517657e-161,0.38399328390298165,3.455108520083966e-141,0.29778101582395894,3.0616430729556663e-142
local_mat,part_time,0.26668885692502575,2.494849039749e-66,0.2705935965972094,2.6356118191719993e-68,0.2040952291742515,9.385708898777937e-67
local_mat,support_staff,0.2581043167366187,4.22945649025514e-62,0.25267485865201583,1.6599469167230473e-59,0.18861414256728742,4.531284478013244e-59
local_mat,total_budget,0.2552133846347625,1.035466650114301e-60,0.3886853176272394,6.615786706505366e-145,0.2920575462595669,6.1708569162778964e-145
local_mat,acq_budget,0.24003480363505755,1.0440664302015298e-53,0.371496485689499,1.4042297115784796e-131,0.2772825433844842,8.957114610120306e-131
local_mat,open_days,0.10219115158602704,8.61705528755516e-11,0.10514240035817578,2.42460511502216e-11,0.07740113571701904,2.781937718260517e-11
local_mat,avg_week_hours,0.1309706986470007,8.008057232270878e-17,0.18459001469296488,4.2546114370249633e-32,0.1357314394859347,1.0050493577722583e-31
local_mat,reg_members,0.31663332349173795,3.6366535337535607e-94,0.3646800159778808,1.6310022401680825e-126,0.27274514643187964,1.2143703472221838e-126
local_mat,lib_visitors,0.2614511495397861,9.912983799345318e-64,0.294228482766998,5.5542569885411045e-81,0.21655307413857217,1.374081400792145e-80
local_mat,service_recip,0.07314876625951953,3.497682101094151e-06,0.019721668095223438,0.211584246829476,0.016320660760677463,0.15206747808584484
local_mat,borrowers,0.17032187230136556,1.6543552148757963e-27,0.15603692406794983,2.684403516861469e-23,0.11387405079153043,1.5798584490723877e-23
local_mat,loans,0.24366559637848048,2.4389240570891614e-55,0.2936821887541264,1.1264099203942854e-80,0.2152110368756842,1.3247937856400639e-79
local_mat,interlib_loans,0.1189405905961032,4.027008287262675e-14,0.16752198968072532,1.1857614318900303e-26,0.1293475638412464,4.789032309311193e-27
local_mat,info_serv_requests,0.22022340829581966,2.7849718911795142e-45,0.2266767595758246,6.134743598557364e-48,0.17084682130184917,7.477768815655658e-48
local_mat,web_access,0.23638400180438238,4.28318062936872e-52,0.24647125062870764,1.2814073781154948e-56,0.1829852677344712,6.221787329546327e-57
local_mat,user_ed_sessions,0.2536333615361659,5.844167965184198e-60,0.25156680447859203,5.518100372195588e-59,0.18869246002285087,1.2839077352951698e-59
local_mat,user_ed_partic,0.26396253183109597,5.718841221863273e-65,0.2851433937198589,5.807972300944884e-76,0.2133339676710781,4.0763693008030194e-76
local_mat,prog_sessions,0.2510922577264927,9.213521470225943e-59,0.2666995961754777,2.464077769934986e-66,0.19671017671556834,2.737959053885127e-66
local_mat,prog_partic,0.2958931797379733,6.378731428420922e-82,0.34925025887902833,1.699760262660956e-115,0.2574190932277566,6.969891477564495e-113
local_mat,disab_mat,0.4040920142781953,1.5072932254791556e-157,0.40049879167930436,1.5385304544281115e-154,0.31775461496261037,1.5940364079915884e-151
local_mat,vuln_group_budget,0.37149117228216244,1.4172102637264846e-131,0.3776645232422166,2.8678363056093043e-136,0.3042312413063818,6.952714278901401e-131
local_mat,total_settlement,0.2440126832929459,1.6974568130486774e-55,0.38466959627177116,1.014640809130561e-141,0.289045755028797,5.6901329439756915e-142
local_mat,acq_budget_settlement,0.22836726205593705,1.1963109742909157e-48,0.35199832827306216,2.054970967483423e-117,0.263318073517035,7.307219663135564e-118
nonbook_mat,elec_mat,0.38512061576768775,4.4743785580450055e-142,0.4391855589343936,5.898077184005857e-189,0.32102376492656776,7.665998222510798e-187
nonbook_mat,serials,0.48219568800360546,7.4045113167979965e-233,0.6026112067738757,0.0,0.43355588875300244,0.0
nonbook_mat,ann_growth,0.3488511085480999,3.2160176099868726e-115,0.48344170103876927,3.17341222228203e-234,0.348972038632517,1.8189243771875135e-238
nonbook_mat,ann_weeding,0.33294255301470005,1.660301371428249e-104,0.4516978024472085,4.392912350948159e-201,0.3340579690293083,5.769029786304151e-192
nonbook_mat,lib_site_area,0.2749812286478468,1.4481663478662113e-70,0.38910153335506215,3.0749279292206063e-145,0.26841546048088566,8.848727933002499e-142
nonbook_mat,lib_build_area,0.4412558975944929,6.293889713738844e-191,0.557200608160293,0.0,0.39487568352739366,1.845583329773626e-304
nonbook_mat,total_seats,0.41932353430657365,1.0104831556518287e-170,0.5786375031803489,0.0,0.4128032338628676,0.0
nonbook_mat,user_comps,0.5150906463614676,6.067389930805393e-271,0.5893480665796629,0.0,0.42230419290597887,0.0
nonbook_mat,self_srv_machines,0.13217726850671666,4.1511540673954294e-17,0.16616530496792742,3.0419964675057854e-26,0.12777182960999814,2.2100183867477354e-26
nonbook_mat,full_time,0.5478261754959288,3.06699816547e-313,0.6678895245850309,0.0,0.5023677280504169,0.0
nonbook_mat,part_time,0.2906339503969798,5.65888531088825e-79,0.39248362580808993,5.835485984644204e-148,0.2765919212379957,7.021825047141033e-140
nonbook_mat,support_staff,0.27320127989566256,1.2098365007580385e-69,0.32309636803983954,3.4620256595651944e-98,0.22482200017634096,4.991897570199702e-96
nonbook_mat,total_budget,0.34559005116795327,5.685575553532449e-113,0.6206413269873038,0.0,0.4471463168215217,0.0
nonbook_mat,acq_budget,0.32777821521324413,3.662941567456225e-101,0.5647083171659161,0.0,0.40253150040288344,0.0
nonbook_mat,open_days,0.17715345006203975,1.173226217596911e-29,0.16020059374049767,1.7422031961598013e-24,0.10969115178484226,3.1244761045135984e-24
nonbook_mat,avg_week_hours,0.1221638860296186,8.066809533469203e-15,0.22088170869022175,1.5053079580921008e-45,0.1504577260379378,1.9522566133437115e-44
nonbook_mat,reg_members,0.39015427674708947,4.406145777170723e-146,0.5926336031994173,0.0,0.4214736684274145,0.0
nonbook_mat,lib_visitors,0.37201886299374276,5.678044340277012e-132,0.5661067082182342,0.0,0.3981587764678341,8.63121447818793e-310
nonbook_mat,service_recip,0.08074034522476048,3.020441072276815e-07,0.08759035309429433,2.723475640110454e-08,0.06151658532052264,6.214664901806379e-09
nonbook_mat,borrowers,0.24981960519923954,3.623763466858876e-58,0.31174768803506514,3.427603812717617e-91,0.21109596219605573,1.6124222466663219e-88
nonbook_mat,loans,0.3138516135777677,1.8240637743888795e-92,0.5136186447271858,3.784645201092149e-269,0.35640998972509524,1.2709710325301148e-248
nonbook_mat,interlib_loans,0.14274677028194732,1.0121193308816318e-19,0.28832651783236424,1.062827446352061e-77,0.2112140902964548,6.556019361558022e-80
nonbook_mat,info_serv_requests,0.26453201817820066,2.981889506767113e-65,0.34257524863666844,6.4379719110329456e-111,0.24195817276715195,9.500172070471244e-109
nonbook_mat,web_access,0.3833039442329005,1.2010693878534567e-140,0.4247124098343813,1.5057278774013245e-175,0.29690957621605124,9.568849318409835e-170
nonbook_mat,user_ed_sessions,0.33839653605565223,4.151624543413444e-108,0.3925197796826402,5.455179419512226e-148,0.2750318429596984,5.826106404222909e-144
nonbook_mat,user_ed_partic,0.3607747351955646,1.1461872175746298e-123,0.4158892118511445,1.0836435173455952e-167,0.2932903094761282,2.329088069871921e-164
nonbook_mat,prog_sessions,0.41869939213870666,3.6131764965118345e-170,0.4647486359665187,2.7562450001884716e-214,0.3248881209673815,2.7028099830026425e-205
nonbook_mat,prog_partic,0.45933588381006185,9.678572869715736e-209,0.5591989673614781,0.0,0.3961127717903617,4.2412147504176e-306
nonbook_mat,disab_mat,0.37228483764133835,3.578462785538362e-132,0.45492052135991795,2.728228952296747e-204,0.3368075138937094,1.2770673228629742e-196
nonbook_mat,vuln_group_budget,0.30449765315844646,7.012154091957799e-87,0.4064575001517014,1.503185880054828e-159,0.3054850221345666,1.4734025207137292e-152
nonbook_mat,total_settlement,0.327593890749675,4.808110935860738e-101,0.6187649246687721,0.0,0.44690052277613157,0.0
nonbook_mat,acq_budget_settlement,0.3111790606804411,7.542585497374548e-91,0.5594345126801197,0.0,0.4037533049757886,0.0
elec_mat,serials,0.34485396591318196,1.812874128263983e-112,0.35952228334130154,9.200948645506156e-123,0.2543760568654054,1.1778144482452074e-118
elec_mat,ann_growth,0.3138180251974593,1.9118762679875733e-92,0.36511806936126656,7.773950767743566e-127,0.2639616062973208,2.7785195732639286e-128
elec_mat,ann_weeding,0.20631371407082771,7.731104588718177e-40,0.21134660136340544,9.185221419386175e-42,0.15664584712299456,7.116660036461789e-41
elec_mat,lib_site_area,0.2468264250658211,8.801167187162208e-57,0.27254929711406023,2.6223161662477483e-69,0.19383119880010743,5.492153035363506e-70
elec_mat,lib_build_area,0.3683205732284227,3.3312416642395396e-129,0.396574976579172,2.695250783283509e-151,0.28202431008684126,4.970461786912953e-146
elec_mat,total_seats,0.3357588599229303,2.340713521554538e-106,0.3648339106105675,1.2573446814401884e-126,0.26012173605487093,2.789212800038259e-124
elec_mat,user_comps,0.4072379571038371,3.259740591518767e-160,0.4125279799100181,9.260856410712315e-165,0.2976989851641754,6.491644778542814e-160
elec_mat,self_srv_machines,0.2528419192617269,1.3842485065159502e-59,0.3040165425760159,1.3415516145939772e-86,0.24151692897885063,6.77029329829718e-84
elec_mat,full_time,0.43170205873147116,6.089956229898944e-182,0.4129622646977961,3.888140777085011e-165,0.3054267261495734,1.6256682801119833e-161
elec_mat,part_time,0.2790217896161099,1.1022707343276492e-72,0.35913249650055323,1.7559983622753662e-122,0.26121647621521277,9.173713574380621e-117
elec_mat,support_staff,0.2893477907436169,2.9119321208499114e-78,0.32720112850794136,8.579168852417939e-101,0.23250587026318473,7.512871688510753e-96
elec_mat,total_budget,0.3388581915830549,2.0415620724084794e-108,0.46078556556491485,3.23875192480123e-210,0.33182066774112706,1.7909028954796867e-201
elec_mat,acq_budget,0.302164838790423,1.610853418942639e-85,0.4041988264010845,1.2251382473012036e-157,0.2923012308236159,1.0080983662443476e-156
elec_mat,open_days,0.12700257567056422,6.65921652765666e-16,0.15529346129960991,4.340482073731357e-23,0.10941911073307585,1.2866226958367884e-22
elec_mat,avg_week_hours,0.10870390120526356,5.0067530244532154e-12,0.18680067263541905,7.637466822404932e-33,0.13326087168033066,5.416968905351575e-33
elec_mat,reg_members,0.3370665501919465,3.1866066757745537e-107,0.41495031774555474,7.197788990845753e-167,0.2965106886058373,2.849232990135675e-161
elec_mat,lib_visitors,0.34581450724661544,3.989715999337919e-113,0.4279639788453828,1.6689635480632975e-178,0.3039039407797169,2.1549133456515307e-169
elec_mat,service_recip,0.1285795414411402,2.8923886479713673e-16,0.19495994719684456,1.117608268266968e-35,0.1421434032355051,1.7881365870106123e-38
elec_mat,borrowers,0.2160230742762474,1.346520315831501e-43,0.21711207833579946,4.964775015786322e-44,0.15243707383702151,5.16748792791238e-44
elec_mat,loans,0.32782887037406233,3.3989728984671754e-101,0.42821738037533047,9.789647637758634e-179,0.304373693965588,6.933579861858075e-170
elec_mat,interlib_loans,0.22397501876376755,8.135971505129311e-47,0.3339553329664778,3.6044593764790495e-105,0.25380576441436603,5.1328466484729534e-107
elec_mat,info_serv_requests,0.3278883596701627,3.1130970406001214e-101,0.344266032098028,4.566955390032908e-112,0.24937643828616574,8.005757149935045e-108
elec_mat,web_access,0.3952725990324214,3.1440658916988527e-150,0.39306183615211093,1.9840507358348625e-148,0.28428854234275147,1.5909371251183224e-145
elec_mat,user_ed_sessions,0.3198914639322724,3.514603926524387e-96,0.3232370543450715,2.8228388682359895e-98,0.23301966725963769,4.333499191593131e-97
elec_mat,user_ed_partic,0.3507980081599845,1.4214766258073962e-116,0.36406554952581643,4.602776177598118e-126,0.2635340468371688,2.453581871256112e-124
elec_mat,prog_sessions,0.35678222823714767,8.48521717902098e-121,0.3450133907049571,1.4106277599599372e-112,0.2439077962347982,6.141332630181582e-109
elec_mat,prog_partic,0.40141133340384727,2.669786753449899e-155,0.40048076362893176,1.5926081572417804e-154,0.28476664685520575,1.0159290159158706e-148
elec_mat,disab_mat,0.39408828764606574,2.9073840485847563e-149,0.4282083435861142,9.977750057684196e-179,0.32214364963227743,3.653357632014947e-168
elec_mat,vuln_group_budget,0.357559913843437,2.3603321848631365e-121,0.3724851093715558,2.526963852028914e-132,0.2866537025192604,1.0220646323974573e-125
elec_mat,total_settlement,0.335357602756595,4.3076237991148045e-106,0.4637243447021064,3.1435437259902854e-213,0.33437892569082833,1.6350537125450495e-204
elec_mat,acq_budget_settlement,0.3019284034534724,2.209621343805873e-85,0.4251089055635327,6.593488355008817e-176,0.3091743506347149,1.063747175889306e-174
serials,ann_growth,0.4640834033350682,1.340510105243471e-213,0.5648559436895956,0.0,0.4011227581435189,0.0
serials,ann_weeding,0.3868758901154883,1.8262044057173343e-143,0.4084016815304645,3.3117583609642912e-161,0.300744168195755,9.2937369048018e-157
serials,lib_site_area,0.3260940515193922,4.3677761751704e-100,0.36988169230725787,2.2826525700176727e-130,0.24906070652071793,5.859493023993708e-123
serials,lib_build_area,0.5658429585296343,0.0,0.6039999474338084,0.0,0.4289406012053774,0.0
serials,total_seats,0.5558831651259997,0.0,0.6146659562187096,0.0,0.43931062382635017,0.0
serials,user_comps,0.5497830891317191,6.41787055e-316,0.5957596283299548,0.0,0.4266272321647362,0.0
serials,self_srv_machines,0.2449147733513024,6.599938281723944e-56,0.23175146736560995,4.356409229787514e-50,0.18253215689092084,2.5534773155819264e-52
serials,full_time,0.6820467576497207,0.0,0.691679636457988,0.0,0.5212637822935345,0.0
serials,part_time,0.3946404763724587,1.0317859797853837e-149,0.42648421937687286,3.727400583782205e-177,0.30204213915689254,2.9945154085919136e-167
serials,support_staff,0.37651361865620253,2.1898411500717194e-135,0.3746011055816227,6.303794053934813e-134,0.26264288161251553,5.429636468535054e-131
serials,total_budget,0.4351456703834349,3.793366497757435e-185,0.649823449317629,0.0,0.4705518395178604,0.0
serials,acq_budget,0.41652916890091374,2.9708742636809384e-168,0.612306278152777,0.0,0.4386060659981149,0.0
serials,open_days,0.10081258291169003,1.5393851311101974e-10,0.12698017123672492,6.738080618810639e-16,0.08450472043222645,4.374986382078543e-15
serials,avg_week_hours,0.13283876311395731,2.8880360486735366e-17,0.2451199356545164,5.321060573852963e-56,0.16607257024881691,5.164157403833843e-54
serials,reg_members,0.46783068476998546,1.7286104799779065e-217,0.574567605371907,0.0,0.40696767986564136,0.0
serials,lib_visitors,0.5179959538842084,1.637325906990081e-274,0.6259310641301735,0.0,0.45134762947785145,0.0
serials,service_recip,0.16001143993485134,1.975869551471345e-24,0.17885551871578423,3.312191115652612e-30,0.12050138436534232,3.6654142046221306e-30
serials,borrowers,0.3490360180049157,2.3937470630543275e-115,0.34446472939807593,3.3428331503130493e-112,0.23394349686346103,8.128011186450661e-109
serials,loans,0.452182566217869,1.4540414933355026e-201,0.5911740457755356,0.0,0.41797629053619073,0.0
serials,interlib_loans,0.22463514246783955,4.339918001229303e-47,0.3015910219707426,3.467059844191371e-85,0.21520877119526563,2.6691249707345943e-83
serials,info_serv_requests,0.3843143541966955,1.9319135835616756e-141,0.3863082427934692,5.149151930549353e-143,0.2735549043751279,3.792177370964174e-139
serials,web_access,0.41307094397732125,3.128481003457126e-165,0.43931130297302107,4.48066451192567e-189,0.3049604507750483,7.337962889536627e-180
serials,user_ed_sessions,0.42957628440398127,5.558545106833346e-180,0.4084298452952706,3.1331023265174036e-161,0.288870339643276,2.128190623959765e-159
serials,user_ed_partic,0.44189124141996333,1.55261641886003e-191,0.4308376732065673,3.832035977159468e-181,0.304621641925856,4.949728607567631e-178
serials,prog_sessions,0.46098182162949697,2.042144708911937e-210,0.461449806654676,6.79125747743614e-211,0.32116202741037214,1.1428899684820279e-201
serials,prog_partic,0.49928343397609015,4.034775175906484e-252,0.5579603722626162,0.0,0.39421131573689555,1.023620904966486e-304
serials,disab_mat,0.3670724826748108,2.8099605785816954e-128,0.3669426138730638,3.5061281880314604e-128,0.2670025771103938,6.108817417693649e-125
serials,vuln_group_budget,0.34688250751846306,7.366232192296576e-114,0.35865805534334677,3.8516395768849333e-122,0.2671289770641829,1.0422336534749872e-117
serials,total_settlement,0.41094545080022155,2.164650892976521e-163,0.6473322667218436,0.0,0.4674093592146729,0.0
serials,acq_budget_settlement,0.3893030253995887,2.1211801967826872e-145,0.6003306644697161,0.0,0.42854650987367365,0.0
ann_growth,ann_weeding,0.17253326436418534,3.4087032148510073e-28,0.21475489847492749,4.27398487958487e-43,0.16045229179099113,3.4070100275712493e-46
ann_growth,lib_site_area,0.32808604286420695,2.3245655384290926e-101,0.42499101773539527,8.429373742399962e-176,0.2887362727191925,1.9958139358589648e-165
ann_growth,lib_build_area,0.5238503081199672,8.250575958898484e-282,0.6753013807375546,0.0,0.48854555163960917,0.0
ann_growth,total_seats,0.4735596786754447,1.5722996800901085e-223,0.6182276290518928,0.0,0.4446814217489568,0.0
ann_growth,user_comps,0.504573216193621,2.6119528173922975e-258,0.6221429574810744,0.0,0.4490548025981434,0.0
ann_growth,self_srv_machines,0.2495115375963522,5.0421322924191605e-58,0.2695313260888447,9.15711019054593e-68,0.21142024220625982,6.291130559546952e-70
ann_growth,full_time,0.5329877068799003,1.7235135272871604e-293,0.6612677728771196,0.0,0.5002049733280037,0.0
ann_growth,part_time,0.3921647033445328,1.057057184306349e-147,0.5001103659660409,4.420926946106702e-253,0.3560725427355309,7.5557264708296725e-233
ann_growth,support_staff,0.2992375409856308,7.896908722347476e-84,0.35029045298652606,3.212208954517281e-116,0.24341641354475163,2.1989504823499137e-113
ann_growth,total_budget,0.3946633974354803,9.883149960602313e-150,0.6770029809241886,0.0,0.49905006716562716,0.0
ann_growth,acq_budget,0.42003264635016213,2.3681572169340178e-171,0.7564086264906105,0.0,0.5893440436717139,0.0
ann_growth,open_days,0.015296757911957913,0.33259592502983937,0.08640166189820842,4.1905973628098706e-08,0.060962800556093995,1.398493572409513e-08
ann_growth,avg_week_hours,0.17120939165768725,8.798405739263447e-28,0.2406943825531151,5.301158088494498e-54,0.1647390861707318,1.882639597996265e-53
ann_growth,reg_members,0.40318299487954673,8.768220199232963e-157,0.5053128140527453,3.4909260048669004e-259,0.3606434819254844,4.672854677995571e-257
ann_growth,lib_visitors,0.4912192379625093,6.814111456958264e-243,0.6507992184882131,0.0,0.4782927998382497,0.0
ann_growth,service_recip,0.22820232763457535,1.403997353925803e-48,0.25558864759148753,6.852587476164675e-61,0.172344406239726,3.437324402286234e-60
ann_growth,borrowers,0.3682358956431533,3.850949473864769e-129,0.44778052435378224,3.1226443646872975e-197,0.31127999409422163,4.139880028654839e-192
ann_growth,loans,0.428219289653089,9.750360974265259e-179,0.6576109880090888,0.0,0.4847092709315398,0.0
ann_growth,interlib_loans,0.21891764862683682,9.38071344789538e-45,0.29152669040075785,1.8059965710818404e-79,0.21263195806944515,8.735235735442249e-82
ann_growth,info_serv_requests,0.3021951307870291,1.5468949144961952e-85,0.3372783009850765,2.3051532821145508e-107,0.23856329283251795,7.434630518477809e-107
ann_growth,web_access,0.35149663961404903,4.616496029874849e-117,0.42332838249553717,2.6658538649563657e-174,0.2991140070133763,5.097906530417796e-174
ann_growth,user_ed_sessions,0.36628440227556003,1.0748445933213414e-127,0.4258240857502164,1.4825706666654206e-176,0.3034256370366756,1.4064637455103374e-176
ann_growth,user_ed_partic,0.36135026384983693,4.387491662431944e-124,0.45148917034888614,7.065950987912944e-201,0.32260679876118814,1.7942923134858086e-200
ann_growth,prog_sessions,0.39813490274521296,1.4008510804113067e-152,0.45629016686148416,1.1547302303499432e-205,0.3222308249283468,4.555044847951265e-204
ann_growth,prog_partic,0.4474058459211217,7.249305128854276e-197,0.5217149500686622,3.934213630624588e-279,0.37484662403986235,3.5352851658664085e-277
ann_growth,disab_mat,0.29722191907231904,1.1220423789207329e-82,0.3489104097854471,2.9255039327004675e-115,0.2547045369611925,1.8076450523931617e-114
ann_growth,vuln_group_budget,0.28581429866249863,2.5100417408925086e-76,0.3378062853504024,1.0270017315622592e-107,0.2541772113611108,2.5833361609387298e-107
ann_growth,total_settlement,0.3239045820060149,1.0701412931292842e-98,0.6720325628601715,0.0,0.49768478599330374,0.0
ann_growth,acq_budget_settlement,0.37537659119341155,1.6185142791024951e-134,0.8007661838403578,0.0,0.6569571994267656,0.0
ann_weeding,lib_site_area,0.11788819717824968,6.744314576830972e-14,0.14609367031560347,1.3653689728238628e-20,0.1045210573299074,1.536920240899752e-20
ann_weeding,lib_build_area,0.2078747554281774,1.9791537505575977e-40,0.2289443121059937,6.826122782813667e-49,0.16445564898609302,2.1320623863949945e-48
ann_weeding,total_seats,0.27934658698346493,7.420504284538722e-73,0.3203592472259563,1.79692840271405e-96,0.23166897284481508,4.814942599407581e-94
ann_weeding,user_comps,0.20926650592463847,5.818793179230048e-41,0.22919939837740522,5.324065290241575e-49,0.16645493847408166,8.968685526619595e-49
ann_weeding,self_srv_machines,0.024771157991288203,0.11661140212158809,0.026609617484262143,0.09186208904752995,0.022105457363467935,0.08355168502901969
ann_weeding,full_time,0.39768252958782435,3.3076519922554654e-152,0.4065389029634302,1.2819088824820628e-159,0.3065692490532162,1.5675539279239687e-154
ann_weeding,part_time,0.09063795918206044,8.791992536055598e-09,0.11635686306839188,1.4166968642966654e-13,0.0860101564088738,1.7263613950167106e-13
ann_weeding,support_staff,0.19034549984087107,4.647631330437991e-34,0.19459241555812143,1.5092066119342406e-35,0.14347064198868004,8.677933576036846e-36
ann_weeding,total_budget,0.17781907905816613,7.165336337284134e-30,0.3063547570239972,5.665618867221676e-88,0.22181063831609502,1.377833537468003e-86
ann_weeding,acq_budget,0.16317382994989474,2.361260970978239e-25,0.2770303130409119,1.2329070239652297e-71,0.20258526799484844,1.6684990985112396e-72
ann_weeding,open_days,0.12935937646610884,1.9076524760653336e-16,0.11123478484733497,1.5814582356057344e-12,0.08108119388533067,1.6067279016763606e-12
ann_weeding,avg_week_hours,0.048716286323869915,0.0020195138556745582,0.08836413618909741,2.051061253918405e-08,0.06379069429467138,2.407098338045045e-08
ann_weeding,reg_members,0.28796344110444666,1.681893665955198e-77,0.3562070412484032,2.181004488293509e-120,0.2600971118287933,2.5658645320467448e-118
ann_weeding,lib_visitors,0.2690080727499691,1.6876576458222973e-67,0.3264535915724823,2.5765322169927134e-100,0.2371559005749331,9.634397966544041e-99
ann_weeding,service_recip,0.060456889420044985,0.00012678166466114908,0.05520757020276664,0.00046645034993365907,0.039738644598214544,0.0004112624319258598
ann_weeding,borrowers,0.15902405786440585,3.801866190569966e-24,0.15783916722526828,8.292652918850517e-24,0.11294542636172121,9.772942420480125e-24
ann_weeding,loans,0.22006207621073187,3.2372073184330116e-45,0.2816908775910281,4.198863772481876e-74,0.2039615729695072,1.6118707453116713e-73
ann_weeding,interlib_loans,0.09738765710947758,6.294048665882768e-10,0.15086675101267544,7.225981922099448e-22,0.11314303981803521,1.387677974183503e-21
ann_weeding,info_serv_requests,0.19126968391853155,2.2196862804716473e-34,0.2107469555245163,1.5670925674626946e-41,0.15638270522475992,2.1721861083032717e-41
ann_weeding,web_access,0.2069703261300148,4.3643349235731844e-40,0.2207868340133541,1.6450816949257204e-45,0.16003623215902457,4.5118585343158286e-45
ann_weeding,user_ed_sessions,0.22647729207000333,7.433329635565304e-48,0.22526124011912604,2.386754120953447e-47,0.16496053342222977,3.81286082819436e-47
ann_weeding,user_ed_partic,0.22413558386820828,6.98401033295343e-47,0.2324963427546218,2.086053794980722e-50,0.16927585034629453,7.976675666573745e-50
ann_weeding,prog_sessions,0.2781645562073693,3.124256805202828e-72,0.2916207581664779,1.6008386152382838e-79,0.21152078469066043,2.6301588432883564e-78
ann_weeding,prog_partic,0.2961643520168683,4.47748586947155e-82,0.35388277976566035,9.69919396175308e-119,0.25735834265995006,9.821427461913075e-116
ann_weeding,disab_mat,0.17689066517987861,1.4245983804810084e-29,0.1850979265277585,2.872851529256977e-32,0.14052338094720473,7.392655264519887e-32
ann_weeding,vuln_group_budget,0.20177249762670044,3.8233789412691326e-38,0.2211762830179578,1.1422977626149196e-45,0.17431804247899013,2.5080838030420787e-45
ann_weeding,total_settlement,0.1776403978350286,8.180963036045689e-30,0.3214914763571199,3.5252961974884936e-97,0.2329964050923971,2.5437179026271063e-95
ann_weeding,acq_budget_settlement,0.15716080523503895,1.2924804497808426e-23,0.26204943548493087,5.0383501419400483e-64,0.1936489739116275,2.9205903480563735e-66
lib_site_area,lib_build_area,0.6066203579453284,0.0,0.6345700206895146,0.0,0.45627281790379765,0.0
lib_site_area,total_seats,0.43907281395636055,7.54563309197861e-189,0.5329593566711038,1.8759053430120772e-293,0.37860356976904613,4.165989092746472e-282
lib_site_area,user_comps,0.4460545990457895,1.4983873747798591e-195,0.4899561232619887,1.8049054203695952e-241,0.34320701953497856,5.585378872844351e-229
lib_site_area,self_srv_machines,0.19070339759022759,3.4925364722708125e-34,0.17552085633935816,3.8998702835215274e-29,0.132406082483776,1.8541972208476374e-28
lib_site_area,full_time,0.4573897212161039,9.023139205176098e-207,0.4962642943563247,1.2289977102333567e-248,0.35289297200348907,2.7094125760579427e-232
lib_site_area,part_time,0.33634761270602365,9.549199965796273e-107,0.36346762239658625,1.2603991963342143e-125,0.25204249499465203,1.450593558231461e-117
lib_site_area,support_staff,0.12928414914041342,1.986022039070258e-16,0.1441724405611907,4.3367253702983734e-20,0.0986564910470518,4.85319369837049e-20
lib_site_area,total_budget,0.27429813722710283,3.2767086240037e-70,0.49646489308772285,7.230491891684613e-249,0.3435314760912744,3.1121661125503607e-233
lib_site_area,acq_budget,0.2574854201815252,8.41598996551329e-62,0.46404654622694574,1.4631406113840313e-213,0.31946960342086433,6.909076215449684e-202
lib_site_area,open_days,0.05194561800325388,0.0009938167274826447,0.1356333664508287,6.111755775529417e-18,0.09272010653302404,6.425342109828337e-18
lib_site_area,avg_week_hours,0.11203978819940105,1.0901306359715553e-12,0.20050963825556437,1.1127360285785978e-37,0.1355934790350562,9.658972345830049e-37
lib_site_area,reg_members,0.2514222443439119,6.451503149066586e-59,0.34397925694949805,7.161991854289638e-112,0.23139969232807103,6.45472295859289e-107
lib_site_area,lib_visitors,0.2772654160186472,9.280837500974328e-72,0.3800660982122412,4.0156438323363606e-138,0.2544967104788859,5.64790624364042e-129
lib_site_area,service_recip,0.06267939443233767,7.073646315749685e-05,0.040521549560535594,0.010242187221887258,0.03134913581041672,0.0029286478388652754
lib_site_area,borrowers,0.21055820468929795,1.8534265933900776e-41,0.2474921247053162,4.345559182649501e-57,0.1643781981292399,6.750608522594028e-55
lib_site_area,loans,0.23657118585024356,3.54593295531664e-52,0.3784649124535938,6.94167389071925e-137,0.2531424431751043,1.3141478693940625e-127
lib_site_area,interlib_loans,0.05583330008535079,0.0004015832985372223,0.10906344289602099,4.257425692520089e-12,0.08125096943107242,2.556264458188323e-13
lib_site_area,info_serv_requests,0.09981896977399732,2.327536499688116e-10,0.11346934317781686,5.59370055753897e-13,0.07770613483276209,8.786289584979617e-13
lib_site_area,web_access,0.2021477595337261,2.779602450260692e-38,0.23211256392398405,3.0495647723247356e-50,0.15809400187151817,6.294723907126968e-50
lib_site_area,user_ed_sessions,0.2114777300220535,8.170721687065791e-42,0.23724906364602327,1.7866455666110844e-52,0.16224699153658168,8.58931573329726e-52
lib_site_area,user_ed_partic,0.22038759110661862,2.3892561094750405e-45,0.2756078379076831,6.8331904482456256e-71,0.18744026226590627,6.711327618358781e-69
lib_site_area,prog_sessions,0.22926649050941755,4.986935166458823e-49,0.24926462874543354,6.568191000203093e-58,0.1682909244761493,5.271210046111022e-57
lib_site_area,prog_partic,0.2646093668011749,2.729135930866078e-65,0.3322151649267203,4.955203694784996e-104,0.22502064480557366,4.411267328596685e-101
lib_site_area,disab_mat,0.25975533417313673,6.685584492987582e-63,0.28029149835963385,2.3396166835640104e-73,0.20100949999045506,6.077511012947057e-72
lib_site_area,vuln_group_budget,0.201885844460583,3.472590516413951e-38,0.23705468650801706,2.175186185929155e-52,0.1742172284920714,2.3700477383475145e-51
lib_site_area,total_settlement,0.23284517386692516,1.476281436246489e-50,0.49327401940686133,3.2036597825299084e-245,0.3416856022967262,1.0537976381892802e-230
lib_site_area,acq_budget_settlement,0.210398638707066,2.1356600683997754e-41,0.43828161381172265,4.239719764303302e-188,0.30005153687368663,6.232496664217695e-178
lib_build_area,total_seats,0.7400643765863635,0.0,0.8137968876198304,0.0,0.6275208870112711,0.0
lib_build_area,user_comps,0.7458336595183577,0.0,0.7778855899795319,0.0,0.5956684164553445,0.0
lib_build_area,self_srv_machines,0.34255819795330744,6.611515339284647e-111,0.32988280934093017,1.6182241291578073e-102,0.26109988781323457,1.454470462913582e-105
lib_build_area,full_time,0.7413610401127243,0.0,0.7608725549649115,0.0,0.5796151348600265,0.0
lib_build_area,part_time,0.555620625116044,1e-323,0.5866881012931696,0.0,0.4262865888988999,0.0
lib_build_area,support_staff,0.3627232131088076,4.4042001794233703e-125,0.3800049040573913,4.479051237750719e-138,0.26459251020629065,1.7027122190742678e-133
lib_build_area,total_budget,0.4310055233040271,2.682219374301196e-181,0.7842105261542324,0.0,0.5967857961083528,0.0
lib_build_area,acq_budget,0.39588500708883034,9.917732133029813e-151,0.7151588455561941,0.0,0.524760663516159,0.0
lib_build_area,open_days,0.036212454538420105,0.021772176161235845,0.16780767882144013,9.713938267748019e-27,0.1142705751938421,2.1595093089805657e-26
lib_build_area,avg_week_hours,0.14929183843832866,1.9261181295505346e-21,0.2873157860649449,3.807505257245808e-77,0.19501221748039463,4.200361551222869e-74
lib_build_area,reg_members,0.468316015697698,5.374976918696134e-218,0.6005070553520897,0.0,0.4258773370567275,0.0
lib_build_area,lib_visitors,0.5374098461492197,2.842252850121445e-299,0.712839818434063,0.0,0.5204376225456139,0.0
lib_build_area,service_recip,0.16218149210434185,4.620272632586075e-25,0.23348461174404106,7.821193062495813e-51,0.16282850655840755,7.087202267479018e-54
lib_build_area,borrowers,0.3787012415468931,4.562687883908701e-137,0.44349060071055574,4.520166644230609e-193,0.30601200377228294,1.4300683187962625e-185
lib_build_area,loans,0.4432712971572843,7.349293029349598e-193,0.6808791811725848,0.0,0.4887364532983367,0.0
lib_build_area,interlib_loans,0.2600676916607786,4.708868402330856e-63,0.33898935677774716,1.6683419679281147e-108,0.24898437725899616,2.4893357367980687e-111
lib_build_area,info_serv_requests,0.2891150690714902,3.9130590474497664e-78,0.31605610756528363,8.222984744610635e-94,0.21973981181102276,7.13604335678164e-91
lib_build_area,web_access,0.3620717130299936,1.3128719295012237e-124,0.4608109229114555,3.051450675567231e-210,0.3232090739055764,1.1620216266318378e-202
lib_build_area,user_ed_sessions,0.40466461926972613,4.9575422829844814e-158,0.4243500705939502,3.1993557848972134e-175,0.2988260183707269,3.525493981102854e-171
lib_build_area,user_ed_partic,0.4122325359183485,1.670104149869926e-164,0.47681812222632997,5.114481915205398e-227,0.3378759743614361,1.6653119533323567e-219
lib_build_area,prog_sessions,0.43975960565755823,1.6801999817775342e-189,0.46125957974822873,1.0626577724685764e-210,0.31973980090229537,8.773721321357047e-201
lib_build_area,prog_partic,0.47152035884534327,2.291894860377465e-221,0.573796246973962,0.0,0.4064729616010446,0.0
lib_build_area,disab_mat,0.40839554031818104,3.3520458579454405e-161,0.40913848110740453,7.748629249418575e-162,0.2961189295215587,6.932975358932543e-154
lib_build_area,vuln_group_budget,0.3370372513892206,3.3325584311673585e-107,0.35125663121720124,6.795902192803581e-117,0.26296397391263643,1.2611952409350801e-114
lib_build_area,total_settlement,0.3879244097401987,2.677009326993275e-144,0.7785561390782153,0.0,0.5907796185078755,0.0
lib_build_area,acq_budget_settlement,0.3442176743574914,4.927106048598334e-112,0.6955176612616119,0.0,0.5092622161474619,0.0
total_seats,user_comps,0.6479929873153708,0.0,0.7146750628259328,0.0,0.5307189632162655,0.0
total_seats,self_srv_machines,0.20480923302194323,2.8445624531588308e-39,0.18172355089652273,3.820234145937427e-31,0.14171011672658707,2.6841351566684e-32
total_seats,full_time,0.6790934505177072,0.0,0.7440433511596941,0.0,0.5690296027835746,0.0
total_seats,part_time,0.4423256206002495,5.952952181707538e-192,0.4847804456109573,1.060272175885906e-235,0.3440114926054831,7.347964919988763e-217
total_seats,support_staff,0.31143870297052995,5.262726823146302e-91,0.32515173839387956,1.7360201101842708e-99,0.22479824727424713,1.0273026341841294e-96
total_seats,total_budget,0.42106591598515797,2.841356984301847e-172,0.7181617098161958,0.0,0.5325172415468203,0.0
total_seats,acq_budget,0.37654754295712173,2.062720876734674e-135,0.6518180814733955,0.0,0.46833049861574677,0.0
total_seats,open_days,0.061002441204851474,0.00011005736865702004,0.18722282867776785,5.488312476410051e-33,0.1266147173381068,5.806397355667062e-32
total_seats,avg_week_hours,0.15312723046765836,1.7368043145025158e-22,0.2830852719747361,7.506974901631634e-75,0.19067798385930992,8.66246481900437e-71
total_seats,reg_members,0.473356987648539,2.5837024773802374e-223,0.6041019812339009,0.0,0.4307084283474598,0.0
total_seats,lib_visitors,0.4994836519218518,2.363475980694874e-252,0.6926806910887646,0.0,0.505572405315517,0.0
total_seats,service_recip,0.1357837567778863,5.616540153065032e-18,0.1812062304488992,5.655191109951168e-31,0.12409531725550603,5.842312415207585e-32
total_seats,borrowers,0.35478135786548176,2.2450087142270603e-119,0.4278811683024728,1.9866247313144463e-178,0.2927053406808655,1.2757445905720808e-169
total_seats,loans,0.41357067642999823,1.1501938523739944e-165,0.6331732750808499,0.0,0.4523588895764897,0.0
total_seats,interlib_loans,0.20814998341509058,1.55470023832063e-40,0.27415039433740646,3.908433835544238e-70,0.19772240941328065,8.997926758766455e-71
total_seats,info_serv_requests,0.2956744009088693,8.484302471774003e-82,0.31760352000027936,9.191067157109494e-95,0.22200965132810424,1.5450941716792368e-92
total_seats,web_access,0.3569602311739779,6.333004109766639e-121,0.4227812218412359,8.272642317923354e-174,0.2971089231853372,3.1241933885901136e-171
total_seats,user_ed_sessions,0.38855300958096595,8.438304132782226e-145,0.4049146408941454,3.0486108133313842e-158,0.2834018952647228,7.29560531744606e-154
total_seats,user_ed_partic,0.38289244495152125,2.5232398047808413e-140,0.4345926816111101,1.2482453698052503e-184,0.30692091784293973,3.9438322266879015e-181
total_seats,prog_sessions,0.4097536648385698,2.297721007300708e-162,0.44517899268488187,1.0587207411828305e-194,0.30924533403040916,1.4020408458909412e-187
total_seats,prog_partic,0.4480723306090705,1.6193224021297663e-197,0.5567674466264821,0.0,0.3950488115260342,9.731236519612961e-307
total_seats,disab_mat,0.30674560493974434,3.32874154557264e-88,0.3294937046086407,2.8861999879800934e-102,0.23809796513673143,5.430669154998826e-100
total_seats,vuln_group_budget,0.28244865864702656,1.649484359039734e-74,0.3044451939594687,7.52661011173677e-87,0.22696082071987012,1.036508992316924e-85
total_seats,total_settlement,0.3850223957057634,5.3483058296140704e-142,0.7147116807160997,0.0,0.53040469197546,0.0
total_seats,acq_budget_settlement,0.3377997710289591,1.0373077621877614e-107,0.6381258810158924,0.0,0.4593029939941102,0.0
user_comps,self_srv_machines,0.295533296868767,1.019665142829782e-81,0.278465106961169,2.1691842782558432e-72,0.2202937159742974,1.6287997813448237e-74
user_comps,full_time,0.6687306143828163,0.0,0.7085247976918665,0.0,0.5394725141919491,0.0
user_comps,part_time,0.5051920836459276,4.850223494108361e-259,0.5501435176837624,2.051001e-316,0.39750730475532314,8.133868957312573e-285
user_comps,support_staff,0.32798054358788364,2.716759165158011e-101,0.3495126508807328,1.1171723539910956e-115,0.2437660611621979,8.057658338225023e-112
user_comps,total_budget,0.4197191821104841,4.49927594287888e-171,0.7143928784926563,0.0,0.5303822425756985,0.0
user_comps,acq_budget,0.38417550288174523,2.4843247360031947e-141,0.6515463247309193,0.0,0.4727171785543172,0.0
user_comps,open_days,0.07193781264234489,5.062188998783698e-06,0.16560239099688145,4.486546007312927e-26,0.11365413555988395,9.830025166757404e-26
user_comps,avg_week_hours,0.16361855304666473,1.7454098273387685e-25,0.3011741880495296,6.043903296807493e-85,0.2047186029523374,3.375532348265532e-80
user_comps,reg_members,0.4483643906725184,8.387199790869666e-198,0.591542207269757,0.0,0.4223501986622093,0.0
user_comps,lib_visitors,0.5539572285311873,1.077e-321,0.7092051278724054,0.0,0.523487453365342,0.0
user_comps,service_recip,0.1561122171163336,2.556558657955794e-23,0.22451562168356584,4.8636535976897315e-47,0.15523649180693863,2.2496708616522267e-48
user_comps,borrowers,0.34776390675093644,1.817927287045527e-114,0.4066830342750524,9.668597535520201e-160,0.282675514067192,3.8387122151012506e-156
user_comps,loans,0.43548558109075336,1.8221679557331778e-185,0.6556835658353342,0.0,0.47611180406204967,0.0
user_comps,interlib_loans,0.2624790502391863,3.0957202068235144e-64,0.3344846353830577,1.6186772416555368e-105,0.24451057291291725,9.53694973646876e-106
user_comps,info_serv_requests,0.32340823708585276,2.2017227524712863e-98,0.3466236663161116,1.1100130854685233e-113,0.24553868484225203,3.319926001411241e-111
user_comps,web_access,0.4082442061242748,4.515230865360542e-161,0.4855135111912336,1.6381174617752373e-236,0.3473528378238486,4.892074177011836e-230
user_comps,user_ed_sessions,0.3925674108603474,4.991649873179884e-148,0.4045456669309043,6.2469520422954826e-158,0.2876906003923861,2.6681745901058815e-156
user_comps,user_ed_partic,0.39197566781303605,1.5028006252800974e-147,0.43922417459297886,5.420735471923212e-189,0.3133076370401414,4.805812551100924e-186
user_comps,prog_sessions,0.42169626707297625,7.765124539232485e-173,0.4362907835541469,3.1974282697668226e-186,0.304574356908598,1.701780552746177e-179
user_comps,prog_partic,0.46356021394207003,4.639514653315985e-213,0.5344894349485209,1.91546075961262e-295,0.3790434379176432,1.2518974001569182e-278
user_comps,disab_mat,0.3750895036008796,2.6785814897670626e-134,0.3897111566937174,9.9907239620167e-146,0.2831205378118516,1.266596596510983e-138
user_comps,vuln_group_budget,0.32271269186247675,6.037228910709146e-98,0.3378181703418889,1.0084614645833657e-107,0.2538855587955433,2.671701774323724e-105
user_comps,total_settlement,0.3763613322167628,2.863937471114463e-135,0.7043073315175357,0.0,0.5223536986788739,0.0
user_comps,acq_budget_settlement,0.3299959197731598,1.3674827264758116e-102,0.6350255850577355,0.0,0.46244194386391185,0.0
self_srv_machines,full_time,0.2345643251127587,2.6638628010779504e-51,0.2125722696508877,3.066573079922832e-42,0.1696555892137757,3.4361087881702554e-43
self_srv_machines,part_time,0.404839725696781,3.526900637064364e-158,0.3888488272849522,4.8968864016561595e-145,0.31315002240800904,2.2645623448928574e-140
self_srv_machines,support_staff,0.40477888846978993,3.96989375740924e-158,0.38988373688449424,7.2642714741424605e-146,0.30435930974626196,6.176647472086035e-137
self_srv_machines,total_budget,0.24546633765338585,3.6970953320174535e-56,0.35574860809073,4.621878121882316e-120,0.28051653592337883,1.3020926481335579e-121
self_srv_machines,acq_budget,0.21537794978511943,2.4254343383473175e-43,0.28846004886260956,8.975890064723774e-78,0.22644587951784362,7.021314863294864e-80
self_srv_machines,open_days,0.00012109844694516148,0.9938803331742465,-0.025283899534551853,0.10923362625695877,-0.020542951701757413,0.09239017745282714
self_srv_machines,avg_week_hours,0.16091988606177815,1.0780431897192141e-24,0.16445362447889994,9.873022107331055e-26,0.12756413175244444,9.525738339548491e-26
self_srv_machines,reg_members,0.27196444525152397,5.239185165475124e-69,0.2788519418090985,1.355390971305407e-72,0.21617351383107133,5.4382763834710135e-73
self_srv_machines,lib_visitors,0.27195623356925824,5.290281203654059e-69,0.2916288007691437,1.584415753854411e-79,0.2315932976355413,1.5455078499061185e-83
self_srv_machines,service_recip,0.2212083785981977,1.1084366087336676e-45,0.27104400460881184,1.5516989649375455e-68,0.20942135902455217,1.338787041004116e-68
self_srv_machines,borrowers,0.17430314674880315,9.480991672062065e-29,0.15223088198936707,3.064730523135025e-22,0.12087443831400811,5.193613825015946e-24
self_srv_machines,loans,0.28904409718012924,4.281834881912024e-78,0.3438158842227365,9.25258490430635e-112,0.271707493131075,3.0686073422666254e-114
self_srv_machines,interlib_loans,0.36106427946731495,7.07218867797174e-124,0.34970164136019694,8.255285865438521e-116,0.2808688555462991,6.812332678185308e-110
self_srv_machines,info_serv_requests,0.27664762310159996,1.9563349320417148e-71,0.2707350520614518,2.2318844692973083e-68,0.21354475189350264,4.641942092487877e-67
self_srv_machines,web_access,0.2993663119429388,6.660540403544026e-84,0.3263682937668556,2.920420566890086e-100,0.2550771558892523,6.2939334915985385e-99
self_srv_machines,user_ed_sessions,0.22158940280776807,7.75192530863967e-46,0.24669619920222152,1.0101578059766306e-56,0.1972755698408944,3.983020047431553e-59
self_srv_machines,user_ed_partic,0.31405702194420104,1.3680629380261972e-92,0.3302390960197142,9.519686815896211e-103,0.2582702804939574,1.4435532725003942e-100
self_srv_machines,prog_sessions,0.24290189384975103,5.403138339190739e-55,0.276224773356277,3.2555504918960728e-71,0.21583042512368159,3.229658602443765e-72
self_srv_machines,prog_partic,0.2937660172014296,1.0106960477768131e-80,0.3275474914412011,5.1487476943383226e-101,0.2546168392357256,2.129645917821821e-100
self_srv_machines,disab_mat,0.34620230197185065,2.162051003485201e-113,0.33930455852138586,1.0266299386145374e-108,0.27981631298932325,3.5726467704352744e-107
self_srv_machines,vuln_group_budget,0.32050186921111534,1.464195443486055e-96,0.3226135525174664,6.969221023931799e-98,0.27153689940872755,4.0406105982797663e-95
self_srv_machines,total_settlement,0.23122276443715706,7.335557485658491e-50,0.34376751309083226,9.981201931114202e-112,0.27093615558626966,1.4890190168971888e-113
self_srv_machines,acq_budget_settlement,0.2220210886064135,5.16542505452132e-46,0.3187551013766502,1.7842677824764597e-95,0.25067530137752625,3.066574807142198e-97
full_time,part_time,0.3832795569022365,1.2551261380832501e-140,0.4200097161061597,2.4820477771775253e-171,0.29881196818318867,2.0733198837127114e-155
full_time,support_staff,0.4127438143028713,6.017298331942864e-165,0.4010414667643161,5.433240090530551e-155,0.28958431796927414,9.76227158272275e-151
full_time,total_budget,0.47712899572563966,2.3663148144957503e-227,0.7934862270798935,0.0,0.6253433073821805,0.0
full_time,acq_budget,0.4180903031134072,1.2496065870706917e-169,0.6912422258626854,0.0,0.5205951203379464,0.0
full_time,open_days,0.08330269011189399,1.2551214065970856e-07,0.1754876970837089,3.9957028922928585e-29,0.12132269035568613,5.4838325519222935e-28
full_time,avg_week_hours,0.1408303784694293,3.119784210985108e-19,0.24378439266732915,2.1545365004992613e-55,0.16960600266318304,1.8684760409721563e-53
full_time,reg_members,0.5013822057273957,1.4567039689052827e-254,0.6392069674430525,0.0,0.4751750824911587,0.0
full_time,lib_visitors,0.5778684783267436,0.0,0.7330618310116254,0.0,0.5580739728934662,0.0
full_time,service_recip,0.17034305027001068,1.6296807633609535e-27,0.22695850347115618,4.6760216828918886e-48,0.15815183994436185,3.4330639813932524e-48
full_time,borrowers,0.40786953917805857,9.433671746683928e-161,0.44378255322964816,2.3653418245128454e-193,0.31251424985063114,8.518951453978972e-183
full_time,loans,0.4789483979196717,2.5591591837067738e-229,0.6728518708621813,0.0,0.4978465612230329,0.0
full_time,interlib_loans,0.18533321379083495,2.3940903006008414e-32,0.27322927974302424,1.1702481568211733e-69,0.2051366280840428,4.769197092895132e-72
full_time,info_serv_requests,0.3735458577747702,3.985805966951246e-133,0.38277332070050935,3.12752057129293e-140,0.2769388443974362,2.5236471091157625e-135
full_time,web_access,0.4351606977892576,3.6724379754884203e-185,0.4911009246142242,9.267378064541021e-243,0.35678545847864646,6.90850964811214e-233
full_time,user_ed_sessions,0.48739646605268805,1.3241467285447881e-238,0.4804576405431269,5.864289864141366e-231,0.35195650210909063,1.3581317587932822e-223
full_time,user_ed_partic,0.4821097623016736,9.196520100498518e-233,0.5129073030207391,2.76891558493994e-268,0.3790115910615837,1.991912144004312e-260
full_time,prog_sessions,0.5406452106933785,1.4721019148924303e-303,0.5599313143615106,0.0,0.4106492803943291,0.0
full_time,prog_partic,0.5792452569353744,0.0,0.6764815575864148,0.0,0.5073255478830846,0.0
full_time,disab_mat,0.42276252617545884,8.59869390964942e-174,0.40988916326428937,1.7573908264210049e-162,0.30817339126583243,2.4243414015114733e-157
full_time,vuln_group_budget,0.3974503685431663,5.137898573136924e-152,0.39539238476873473,2.5093719839219094e-150,0.30470656237874116,8.42493058275473e-145
full_time,total_settlement,0.4340066619738797,4.3996971243597263e-184,0.7980776636673259,0.0,0.6321898914106723,0.0
full_time,acq_budget_settlement,0.3780797551999828,1.37451982694033e-136,0.6816258474176533,0.0,0.5137570442547342,0.0
part_time,support_staff,0.38425248747887353,2.1610195876937223e-141,0.406153374514664,2.7240254704442493e-159,0.2934733522138412,2.989180740267473e-152
part_time,total_budget,0.3567649261102237,8.72988158817088e-121,0.5940519648990853,0.0,0.42993071313524917,0.0
part_time,acq_budget,0.33112747084003574,2.5278594068999955e-103,0.5389033140220377,3.027953722673325e-301,0.3855847847985766,1.8814098783276823e-272
part_time,open_days,0.06228017401272941,7.86636103501033e-05,0.15784235209660122,8.275354551115748e-24,0.11329239212482864,3.0826452782700074e-24
part_time,avg_week_hours,0.22329274637826335,1.5544249343774832e-46,0.31683376525976353,2.738264057755098e-94,0.22429357076544562,1.2870867011051518e-90
part_time,reg_members,0.40310252006160685,1.0244623735009097e-156,0.500795789088683,7.039364509172389e-254,0.3563413399606795,4.2929877154124825e-233
part_time,lib_visitors,0.4435053861075191,4.374386404566719e-193,0.5675542244131482,0.0,0.40845505459376424,9.885519906334245e-306
part_time,service_recip,0.245225200691164,4.7639767545358445e-56,0.338666157122442,2.7431617389764417e-108,0.23814604537607373,3.3530207797976803e-105
part_time,borrowers,0.33635378799197807,9.459721282786147e-107,0.3754951906704235,1.3142186424969891e-134,0.2662863855474515,4.055423070110075e-131
part_time,loans,0.41073229115263915,3.3051117536588926e-163,0.5888623439017,0.0,0.4271053450217566,0.0
part_time,interlib_loans,0.43480507438401456,7.902017942492155e-185,0.4553873292530904,9.300337371703882e-205,0.3401875015878913,1.4792314728848784e-191
part_time,info_serv_requests,0.2943899374272274,4.505503987051775e-81,0.30623352022153194,6.680654113665069e-88,0.22068603276201337,2.973014762053905e-85
part_time,web_access,0.35745273042675674,2.8161315883082883e-121,0.4503609142663725,9.18251831181285e-200,0.3230055196977599,3.7780107967561987e-188
part_time,user_ed_sessions,0.3606804114068982,1.3412887037700443e-123,0.38024849532024096,2.89948554454882e-138,0.27103113282155905,2.8606058976119656e-131
part_time,user_ed_partic,0.37177826342066905,8.618063092408777e-132,0.4214978231231881,1.168524849666818e-172,0.2995047900878355,9.216396692565415e-161
part_time,prog_sessions,0.3078130054499043,7.757224913249918e-89,0.3348706636378129,9.019009720403436e-106,0.23674593815806222,3.1534314316104727e-103
part_time,prog_partic,0.36206600622912666,1.3254781606781672e-124,0.4137033761615199,8.815606507773727e-166,0.28943619044677754,2.719581722672022e-154
part_time,disab_mat,0.35205460554848483,1.8764421647110163e-117,0.36458350038802656,1.919956369902572e-126,0.27510566360540806,9.195604228637369e-124
part_time,vuln_group_budget,0.2919036611085495,1.113601400929826e-79,0.310887938678689,1.128739048008803e-90,0.2400700610061859,3.586079437741865e-89
part_time,total_settlement,0.3249194754421525,2.437483244441301e-99,0.5728548543140557,0.0,0.4125816104096308,0.0
part_time,acq_budget_settlement,0.2929446049851212,2.9189026966215882e-80,0.5435103762711043,2.154452838721129e-307,0.38929552650603083,4.762188411491063e-277
support_staff,total_budget,0.3113152028012499,6.245681813685311e-91,0.4527081672800806,4.3759292640237345e-202,0.31643866472486126,3.636787204935013e-190
support_staff,acq_budget,0.2752904592150971,9.998831246067415e-71,0.383078010305054,1.8056527318793152e-140,0.2679999290802974,6.556954055430992e-137
support_staff,open_days,0.09237709835026081,4.535562915627143e-09,0.0710091507766742,6.695381730561479e-06,0.04857758500902997,9.647044403794289e-06
support_staff,avg_week_hours,0.15572304087617203,3.2891229782064515e-23,0.1559474720592809,2.844535357119476e-23,0.10796328130921724,5.481857072257258e-23
support_staff,reg_members,0.41760989387824443,3.319123585703667e-169,0.4819220824093829,1.4761263469606053e-232,0.33836137807194955,4.2270785209911525e-217
support_staff,lib_visitors,0.4083291678288784,3.819949199355131e-161,0.4881073426189479,2.1309348952591084e-239,0.34484011563747047,1.6023432689146905e-225
support_staff,service_recip,0.28507474428821994,6.327744611643025e-76,0.37725759524567687,5.890031267254763e-136,0.2595097453985069,1.6325956867057136e-128
support_staff,borrowers,0.24006547009960472,1.0117244022714497e-53,0.23824861902098837,6.476705305546068e-53,0.16509236622967544,3.6718853261690535e-53
support_staff,loans,0.3880440783755393,2.1492268740408007e-144,0.5001715089333568,3.753217520531112e-253,0.35203542661674575,6.601165019508344e-235
support_staff,interlib_loans,0.34082784864719984,9.746631946125717e-110,0.3764200174246568,2.5825979196563335e-135,0.2726628863548057,1.0181742063895503e-127
support_staff,info_serv_requests,0.4349876018327261,5.3331416679898346e-185,0.4392420561675002,5.212957951678979e-189,0.31682559839902513,3.643856974859153e-179
support_staff,web_access,0.4014411713111603,2.520957221509396e-155,0.45686367776363185,3.058644973641786e-206,0.321363533791878,3.2656001264351988e-192
support_staff,user_ed_sessions,0.42030275823509855,1.361411200152482e-171,0.43532973998138597,2.5505231295599792e-185,0.3095666605432742,4.411473965812177e-176
support_staff,user_ed_partic,0.4315203767935937,8.968245504826899e-182,0.4667366780785641,2.389287345375603e-216,0.3323814153734842,7.904128654135592e-204
support_staff,prog_sessions,0.3396738822156366,5.807935357237492e-109,0.35596384336430714,3.249017898790597e-120,0.2553170693420957,1.5264074574706933e-123
support_staff,prog_partic,0.43449406462154333,1.5432875508856047e-184,0.482654271792767,2.3264120948114137e-233,0.3411188613168739,2.4373498367799656e-220
support_staff,disab_mat,0.4017802910520079,1.312989151723596e-155,0.3943840187040955,1.6697573677199622e-149,0.291427780084695,4.693609033839613e-143
support_staff,vuln_group_budget,0.3920243637857249,1.372614510224557e-147,0.38963545281253925,1.1489029285112857e-145,0.29448837958095336,1.9618233854800953e-137
support_staff,total_settlement,0.2930955600871201,2.402632575376794e-80,0.44388640258453077,1.8783709247320186e-193,0.30952949784110945,5.324450030599345e-182
support_staff,acq_budget_settlement,0.27195577992555875,5.293118366251136e-69,0.40573123950791495,6.210866416347127e-159,0.283413011185237,1.5852335246791158e-152
total_budget,acq_budget,0.8932760797069641,0.0,0.7955539529770345,0.0,0.6106677327385359,0.0
total_budget,open_days,0.034970766291889055,0.02671889369872139,0.14969893197258027,1.4964488866196728e-21,0.09941187259907688,2.2363453963514028e-20
total_budget,avg_week_hours,0.14423242751074034,4.184014232400709e-20,0.2894513428904809,2.5529246562546323e-78,0.19694710623006348,1.3860701951744245e-75
total_budget,reg_members,0.40734339452925544,2.6507299039061057e-160,0.6594726490859729,0.0,0.4801918608891369,0.0
total_budget,lib_visitors,0.42807129541646527,1.3315385140630666e-178,0.7387785323037601,0.0,0.5495972938213699,0.0
total_budget,service_recip,0.24939257613979227,5.727385204450566e-58,0.28912143325457035,3.8815793339934124e-78,0.19910026609301892,1.10141770985555e-79
total_budget,borrowers,0.2445111471907338,1.0076581609275706e-55,0.4244645913472702,2.5214745152144594e-175,0.2957713972898101,1.3687341024437024e-173
total_budget,loans,0.3911732432523723,6.674362305646575e-147,0.7047635646694981,0.0,0.514892439126434,0.0
total_budget,interlib_loans,0.20811354782779884,1.605215641662487e-40,0.3755447883071993,1.2045675810371635e-134,0.27264493722970434,3.568743010284979e-133
total_budget,info_serv_requests,0.3229574717596545,4.234480226841209e-98,0.4247200031584627,1.4821181704354777e-175,0.299816985534561,1.457608115917158e-167
total_budget,web_access,0.4416690010396635,2.534174241874457e-191,0.5486786586200213,2.097560648e-314,0.39306024450468613,7.199386550606553e-299
total_budget,user_ed_sessions,0.3500357014353742,4.833578164599462e-116,0.48815241355666145,1.8976057889543398e-239,0.34668817157180837,8.233677653846912e-230
total_budget,user_ed_partic,0.3837675347911308,5.1976873982562876e-141,0.534461453192499,2.083412024853328e-295,0.3816422787465211,1.276000670969068e-279
total_budget,prog_sessions,0.34660378379711565,1.1455137073971679e-113,0.5169978870990641,2.78012724929134e-273,0.3670426803059486,4.646450469785444e-264
total_budget,prog_partic,0.42945105826915686,7.244430460339207e-180,0.6556661568598002,0.0,0.4738068931813069,0.0
total_budget,disab_mat,0.323998553774313,9.33370800731266e-99,0.46119514403503764,1.2366003696412444e-210,0.3401341398864932,1.737016145596999e-202
total_budget,vuln_group_budget,0.3033040477260947,3.498564562752931e-86,0.43283136251391535,5.463401210729377e-183,0.3264023876569102,1.3002855057653135e-175
total_budget,total_settlement,0.8214223093215482,0.0,0.9158308612831138,0.0,0.7887662105747086,0.0
total_budget,acq_budget_settlement,0.7372564405263234,0.0,0.7661479745854328,0.0,0.5836303073121605,0.0
acq_budget,open_days,0.010964019651061516,0.4874047829231312,0.10420684381246109,3.6381789842838314e-11,0.07052832433670293,5.342253226684493e-11
acq_budget,avg_week_hours,0.12741619555207973,5.356306738759925e-16,0.26829579180527635,3.870614483521541e-67,0.18244532869626062,4.2852377672375035e-65
acq_budget,reg_members,0.36587333426619106,2.160769034013654e-127,0.5784997723078721,0.0,0.4136680151452881,0.0
acq_budget,lib_visitors,0.397572893534049,4.072513174504451e-152,0.6744711622483102,0.0,0.4935525156441676,0.0
acq_budget,service_recip,0.1990128985266727,3.91036962080814e-37,0.2332886848716447,9.503812418431008e-51,0.15938326923742022,1.068783823564203e-51
acq_budget,borrowers,0.24841999370653745,1.619195742010846e-57,0.43907845630086423,7.453196133528634e-189,0.3054223782718372,7.141965613256542e-185
acq_budget,loans,0.36367405430577815,8.903747424222421e-126,0.6716640016510395,0.0,0.48773677851496067,0.0
acq_budget,interlib_loans,0.1800363241652087,1.3671619487304326e-30,0.31616623391818444,7.038635862449229e-94,0.23142592550534397,1.8876959472397723e-96
acq_budget,info_serv_requests,0.2895842934992866,2.1559391021206481e-78,0.36402299887943085,4.945201910246605e-126,0.2578900953307353,1.9500832401306766e-124
acq_budget,web_access,0.41002343321442486,1.3472301698303537e-162,0.48522033297031203,3.4590604352106102e-236,0.3472094300889584,1.459420625389499e-233
acq_budget,user_ed_sessions,0.31627309312400603,6.052347951816226e-94,0.4289273892273865,2.1906021618159854e-179,0.3050689440697991,2.507941514172671e-178
acq_budget,user_ed_partic,0.3460777131530214,2.6326358396626864e-113,0.46918449487985825,6.614529778595056e-219,0.3340825673991216,1.1651196559681894e-214
acq_budget,prog_sessions,0.3216769050981539,2.698122507882143e-97,0.46047030639041125,6.789603322508932e-210,0.3224789526282305,3.276691964801363e-204
acq_budget,prog_partic,0.3875709481570764,5.118024153155731e-144,0.5582290103914562,0.0,0.39722322898466605,0.0
acq_budget,disab_mat,0.28598985458337384,2.0145470372840304e-76,0.40667082250998204,9.902487630289113e-160,0.297726170307484,1.5181062648862278e-155
acq_budget,vuln_group_budget,0.2760210727565242,4.159439089498331e-71,0.3945708555311985,1.1758792750493171e-149,0.2973961210764376,4.645821632584169e-146
acq_budget,total_settlement,0.7506174180323469,0.0,0.7612408070849204,0.0,0.5806511555639443,0.0
acq_budget,acq_budget_settlement,0.7769353952735412,0.0,0.8492977430682384,0.0,0.705903726960452,0.0
open_days,avg_week_hours,0.21380531262869965,1.0100350126735296e-42,0.3229199342533544,4.471275154328931e-98,0.22967316085106643,3.951571153653934e-98
open_days,reg_members,0.19774526832628214,1.1247859997621358e-36,0.20023930027085693,1.397340386954395e-37,0.13684033958462982,3.90813927027445e-37
open_days,lib_visitors,0.24675517586895002,9.490502972717298e-57,0.24612677030028707,1.8436151675275904e-56,0.16645573890259435,3.944780795178769e-54
open_days,service_recip,0.02388707115459851,0.13024484566075295,0.07403701772385356,2.6571642073070016e-06,0.04908637130770724,4.955181158945431e-06
open_days,borrowers,0.18201872418315418,3.052516494486707e-31,0.21187661843655872,5.7204472503186634e-42,0.14397795720918752,6.135975172160792e-41
open_days,loans,0.25615113262083655,3.686117539950166e-61,0.24224191846465296,1.072010491940856e-54,0.16345863815835882,2.959464790362068e-52
open_days,interlib_loans,0.09959198476981546,2.5566422506522937e-10,0.1740218290489599,1.1630087287526826e-28,0.12494319739489194,2.7890113362560924e-28
open_days,info_serv_requests,0.08531777391616868,6.177223696483261e-08,0.054831516809303635,0.0005100053073872085,0.0384456770497749,0.0005263144467920229
open_days,web_access,0.10832725749849478,5.9301898424967276e-12,0.14794797053419426,4.409465037404385e-21,0.10190639436979139,6.1222830861747475e-21
open_days,user_ed_sessions,0.125561930879965,1.4137088361695384e-15,0.0875240980582843,2.7900979631014376e-08,0.06047514055860992,3.1538551879837165e-08
open_days,user_ed_partic,0.14633696400646812,1.178166841231195e-20,0.09081605682775837,8.220388389736518e-09,0.0618329590769451,1.4020644532224577e-08
open_days,prog_sessions,0.2018582075660699,3.555054805391833e-38,0.09039890160534232,9.620296347542564e-09,0.061632225209802466,1.1139974699771251e-08
open_days,prog_partic,0.23217932250444606,2.854781525783828e-50,0.10950236491733746,3.4904561745342435e-12,0.07475263679138786,3.628527763469279e-12
open_days,disab_mat,0.07977155019254736,4.181389324553781e-07,0.06161234618353955,9.383049296066677e-05,0.044132375734936835,0.00011314736058269981
open_days,vuln_group_budget,0.05787415014962744,0.00024386748235666347,0.061966833781587786,8.546598273638216e-05,0.04639441407526997,8.306922641261313e-05
open_days,total_settlement,0.0528249597902704,0.000813733373852433,0.1395366811261549,6.612445689283114e-19,0.09352714464214638,3.2659186084816032e-18
open_days,acq_budget_settlement,0.03613843994427557,0.022042967196799684,0.08711663205288811,3.2359496982819196e-08,0.05967333639844244,2.9412036622037042e-08
avg_week_hours,reg_members,0.22105864369071682,1.2754434498057795e-45,0.25572386771986927,5.9044601882539845e-61,0.17603204656751342,9.517457510695458e-61
avg_week_hours,lib_visitors,0.17978958618826804,1.6456638513684178e-30,0.2974333658243711,8.502308252029722e-83,0.2040569518921114,4.962507791406423e-81
avg_week_hours,service_recip,0.10040647391574561,1.8236533012200631e-10,0.1041961708971595,3.654986215508161e-11,0.0709433902206815,3.457366876537281e-11
avg_week_hours,borrowers,0.1557167501095256,3.3025284708792824e-23,0.2249416433036985,3.23936168126982e-47,0.1576302236857573,4.3784015985144175e-49
avg_week_hours,loans,0.2172003988338181,4.577759729214754e-44,0.25354391679211397,6.443354807184493e-60,0.1755850549946444,1.8091207317755817e-60
avg_week_hours,interlib_loans,0.18095875662792266,6.819637534053673e-31,0.25465927203787897,1.9024701281774288e-60,0.18524885296509222,1.5030857107008032e-60
avg_week_hours,info_serv_requests,0.13931898011840577,7.498253626620412e-19,0.13878316770298832,1.0208684067468845e-18,0.09935339661693444,2.3783838188371793e-19
avg_week_hours,web_access,0.18997574265348943,6.239853048186356e-34,0.2301004545385649,2.2076647164769443e-49,0.1612813165657325,2.6279252648582655e-50
avg_week_hours,user_ed_sessions,0.1335307672535664,1.972055963310861e-17,0.1421465698019316,1.4423571924455224e-19,0.09874197230493681,1.2063292228138363e-19
avg_week_hours,user_ed_partic,0.12845335465711807,3.093157736339476e-16,0.14553115242667358,1.918259065798126e-20,0.10059320698237775,1.9494656931097975e-20
avg_week_hours,prog_sessions,0.09021147494467627,1.0322266972398764e-08,0.14393882869697722,4.9857402528554946e-20,0.09911245024641074,2.921839810584136e-20
avg_week_hours,prog_partic,0.16378942729982235,1.5537120210110377e-25,0.20102207551497533,7.219570023504765e-38,0.13686964847766803,2.2272612584597093e-37
avg_week_hours,disab_mat,0.16001911773268046,1.9658072313614045e-24,0.18000086345949992,1.4041045864866384e-30,0.13095407258486047,1.3246627889795274e-30
avg_week_hours,vuln_group_budget,0.17986136123259303,1.5593005828423188e-30,0.2124199998754665,3.515647583134835e-42,0.1579851271583923,2.963839886678442e-41
avg_week_hours,total_settlement,0.12757511323447634,4.925531906179357e-16,0.2758628420155109,5.0307128668091025e-71,0.18794376868034365,5.538227933832755e-69
avg_week_hours,acq_budget_settlement,0.12610301618656375,1.0666108955072202e-15,0.2514697363880032,6.128696847979824e-59,0.171929401919971,6.975292032788998e-58
reg_members,lib_visitors,0.5874545922353838,0.0,0.7386342126508114,0.0,0.5519222876017507,0.0
reg_members,service_recip,0.396031255512693,7.526502773474347e-151,0.3519830178644388,2.1064073867737262e-117,0.24394511710604255,1.2140876055041518e-118
reg_members,borrowers,0.3890919850459973,3.1294917031485463e-145,0.4378163887552748,1.1673365013735564e-187,0.3129284537904432,4.836509288102965e-194
reg_members,loans,0.5619695204359173,0.0,0.7280635716061624,0.0,0.5419136149820883,0.0
reg_members,interlib_loans,0.30608844574693184,8.136138761194949e-88,0.39415566348185294,2.562429477561533e-149,0.2822814625836452,1.3629470283699894e-142
reg_members,info_serv_requests,0.4040161620784858,1.7462234994081116e-157,0.4437830089497152,2.362950725246564e-193,0.3161996095793927,4.038463399733633e-186
reg_members,web_access,0.44245859252747305,4.437759714637317e-192,0.523179277343605,5.757322902395174e-281,0.37485635765955366,5.469892010089939e-272
reg_members,user_ed_sessions,0.40475455004025224,4.162297646142536e-158,0.4565297538493607,6.631176422494939e-206,0.3209869119589411,2.824671212231415e-197
reg_members,user_ed_partic,0.4091901798518555,6.996835859525498e-162,0.4911546168123364,8.06041987304127e-243,0.34837803517024624,2.500826127158111e-233
reg_members,prog_sessions,0.34969612779537984,8.328494126400392e-116,0.44566633124335514,3.568380099023385e-195,0.31212068501244755,1.6545823683842344e-191
reg_members,prog_partic,0.4431270821010197,1.0115223758666139e-192,0.5810303261781029,0.0,0.4133789225732917,0.0
reg_members,disab_mat,0.3516589091132477,3.553766674159761e-117,0.4129738669104808,3.7989619036014064e-165,0.30094427928608564,6.08525179184059e-159
reg_members,vuln_group_budget,0.30971417276335605,5.707660954941307e-90,0.35639938028177887,1.5909332274229378e-120,0.2650983478181363,1.64197922110471e-116
reg_members,total_settlement,0.3743924824027074,9.08197242885171e-134,0.648941550495511,0.0,0.4722430477264604,0.0
reg_members,acq_budget_settlement,0.35443851905362467,3.9258539205225396e-119,0.5736313179328535,0.0,0.4116345210418366,0.0
lib_visitors,service_recip,0.3488670534366134,3.135187915653562e-115,0.43388696071772975,5.689134349049688e-184,0.2963841677038309,2.942776722617524e-174
lib_visitors,borrowers,0.5051283559816322,5.769349485904797e-259,0.5819139864558978,0.0,0.42046682684184206,0.0
lib_visitors,loans,0.6158357766689078,0.0,0.8698323545724874,0.0,0.6916628627241109,0.0
lib_visitors,interlib_loans,0.3299718731083324,1.4173225296440346e-102,0.4473375281266108,8.451641975949865e-197,0.3205644749770043,2.1739659554923396e-183
lib_visitors,info_serv_requests,0.39957381674068926,9.029504061316494e-154,0.4670609795919426,1.0979860617857502e-216,0.33551743868307465,2.142446692252226e-209
lib_visitors,web_access,0.45557062023718864,6.092323186014401e-205,0.5836511414221272,0.0,0.42489726123420973,0.0
lib_visitors,user_ed_sessions,0.44630914671507943,8.478084493339041e-196,0.5062845312570219,2.462227654046691e-260,0.3581264357727322,3.594687263539044e-245
lib_visitors,user_ed_partic,0.45608606966977283,1.8515512678084892e-205,0.5492578264350076,3.375237374e-315,0.3906232872745739,6.143962324505572e-293
lib_visitors,prog_sessions,0.4853325372771051,2.598726417953484e-236,0.5521909709725498,3.0628e-319,0.39048748803058014,1.0809391502832658e-298
lib_visitors,prog_partic,0.544585185350976,7.67826186984907e-309,0.6690119243091964,0.0,0.48535426822998373,0.0
lib_visitors,disab_mat,0.31830242196029246,3.4015816933571954e-95,0.3945124848928949,1.3120524638334571e-149,0.2869325457418387,9.679928956474467e-145
lib_visitors,vuln_group_budget,0.29634967514457783,3.514772379977346e-82,0.34741269089089727,3.1765255744955567e-114,0.2575940024571148,3.595277065916726e-110
lib_visitors,total_settlement,0.3802987708302256,2.6504549391285205e-138,0.7314215985099947,0.0,0.5429732237202243,0.0
lib_visitors,acq_budget_settlement,0.3558063879943869,4.204743548008031e-120,0.669059308332718,0.0,0.49165918895226784,0.0
service_recip,borrowers,0.23343464631041677,8.219806072166417e-51,0.3119740911570447,2.5026453327836475e-91,0.2144855466548718,3.429801139289476e-92
service_recip,loans,0.32439767867345215,5.218971289374771e-99,0.46091803964609285,2.3724346631065356e-210,0.31797970941404635,3.107960888254365e-200
service_recip,interlib_loans,0.27805057448745163,3.5874502107047826e-72,0.41030151226059636,7.766400223794274e-163,0.2993263054504307,4.8651039421509606e-160
service_recip,info_serv_requests,0.2676529248576932,8.169620732805086e-67,0.3128223930461511,7.68319893141161e-92,0.21798577075110132,1.7899419846266024e-89
service_recip,web_access,0.3180184907395188,5.0955844446942416e-95,0.40182614445769993,1.2020688188064805e-155,0.281045248540144,9.196445296851337e-154
service_recip,user_ed_sessions,0.25718117258909257,1.1795220578842188e-61,0.27043894959227455,3.1606430081518978e-68,0.18708803544249825,2.750639785266013e-68
service_recip,user_ed_partic,0.25731165173255455,1.0206083910315842e-61,0.2873511781307738,3.641446063137056e-77,0.19849517080833748,4.601277289312178e-77
service_recip,prog_sessions,0.1527248038285778,2.24216512769947e-22,0.21809366833665847,2.0104496358977976e-44,0.1468216939304305,7.936258231867153e-44
service_recip,prog_partic,0.24467165043518718,8.516787071638734e-56,0.2667790538436805,2.2478541164168984e-66,0.1780806047454492,4.94514982391866e-64
service_recip,disab_mat,0.15808032097582397,7.079010101441517e-24,0.16338498106264682,2.0458571692151896e-25,0.11661182154640742,2.2944912207602573e-25
service_recip,vuln_group_budget,0.1488113217376866,2.592278615365611e-21,0.11827876508200169,5.572550380239354e-14,0.086470014153878,7.244839368459566e-14
service_recip,total_settlement,0.22003796804675535,3.310787860777101e-45,0.2796962619581288,4.843457886511157e-73,0.1919539404418178,3.4978411519194506e-74
service_recip,acq_budget_settlement,0.18677357799502808,7.800965471869523e-33,0.26300047256032444,1.7119899631724654e-64,0.1795234441879527,5.897174705643547e-65
borrowers,loans,0.6070364070481922,0.0,0.6179580201003145,0.0,0.45933764922454223,0.0
borrowers,interlib_loans,0.2583558125254792,3.1961164270717113e-62,0.2737551759077417,6.260122592437606e-70,0.19529017135592755,2.820406116612821e-69
borrowers,info_serv_requests,0.22545136882863367,1.989733314701522e-47,0.21843212870611162,1.4705232037735459e-44,0.15605376445923386,8.921633003749083e-47
borrowers,web_access,0.2791192160483946,9.789555839307605e-73,0.3308907585733586,3.6006771405235954e-103,0.23503865622713518,3.3186391629187138e-108
borrowers,user_ed_sessions,0.3163535693187567,5.401682468659223e-94,0.3043625733202612,8.414204576361123e-87,0.2149450708083893,1.3724984717077212e-89
borrowers,user_ed_partic,0.29484749110451874,2.4880911702578793e-81,0.31031199790807396,2.502454088273508e-90,0.21799848479054987,1.2894480155278969e-92
borrowers,prog_sessions,0.388340405921879,1.2472646302462289e-144,0.3736950216071857,3.0724489181949592e-133,0.2575636924443313,4.177583560269937e-131
borrowers,prog_partic,0.38554756161717263,2.058809387136685e-142,0.37849922610171816,6.531499328036241e-137,0.2594026088813372,8.306999607687047e-134
borrowers,disab_mat,0.16935978682239056,3.2674852873279725e-27,0.17378054266546253,1.3853725444405772e-28,0.12648034982989298,1.4436284246142544e-29
borrowers,vuln_group_budget,0.1376451966081904,1.9581433998324417e-18,0.1279185151173605,4.107852483443009e-16,0.0953696820284157,1.5050124184654204e-16
borrowers,total_settlement,0.2142669528531488,6.6524641855280915e-43,0.4243847408795317,2.976876369975833e-175,0.29529311284105114,5.371064109053968e-173
borrowers,acq_budget_settlement,0.2072920416495159,3.2956286025226907e-40,0.42021334382839387,1.6353085479999498e-171,0.2930575818769688,5.513891884792272e-170
loans,interlib_loans,0.31722725592778833,1.5678001598345055e-94,0.43618958624352944,3.98015713532132e-186,0.31125672296529555,5.494490608743565e-173
loans,info_serv_requests,0.3726758971373011,1.8136654399322597e-132,0.4525492727793211,6.292505511825551e-202,0.3225839318716299,1.0818116077489365e-193
loans,web_access,0.4302422271515425,1.3562927936937627e-180,0.5815055517692929,0.0,0.4196046654767964,0.0
loans,user_ed_sessions,0.4407544528871955,1.895631328691966e-190,0.538782843053905,4.371504768751111e-301,0.38410069064302477,1.1674014595793598e-281
loans,user_ed_partic,0.44867014410860384,4.209255593583492e-198,0.5743441621287732,0.0,0.41214695947545643,0.0
loans,prog_sessions,0.4466965179576141,3.5605002389280676e-196,0.5403177922208234,4.0158953170904644e-303,0.38127889276162474,7.884822766620649e-285
loans,prog_partic,0.5085765058207029,4.573166842088762e-263,0.6295207338834791,0.0,0.4497108769634662,0.0
loans,disab_mat,0.3096075705952927,6.61034853218166e-90,0.4033895597927903,5.879603269601861e-157,0.2932362332669235,4.6620417870113474e-151
loans,vuln_group_budget,0.2603674634807245,3.3622608740601726e-63,0.3268692431895961,1.3984544683589445e-100,0.24245768576142787,8.229001100231863e-98
loans,total_settlement,0.3312804757916992,2.0108370218536677e-103,0.7013634511994309,0.0,0.5121697110226187,0.0
loans,acq_budget_settlement,0.3232366339640979,2.824561496448096e-98,0.6694297605329547,0.0,0.48928675888396717,0.0
interlib_loans,info_serv_requests,0.34491155935751816,1.6558236638291585e-112,0.37721005782974537,6.406223729167709e-136,0.2787528431556731,8.800555998647127e-131
interlib_loans,web_access,0.3129778049013459,6.185886635710495e-92,0.4356453973810034,1.2904547585941771e-185,0.3216573271724242,6.169960508448376e-181
interlib_loans,user_ed_sessions,0.236511470546317,3.766251909644028e-52,0.29898203348525704,1.1068071453714853e-83,0.21572145082733446,2.345950707207264e-81
interlib_loans,user_ed_partic,0.25295196800131814,1.2280633426498976e-59,0.3137884441096222,1.9926964698536957e-92,0.22727813247348308,1.3246896595856835e-90
interlib_loans,prog_sessions,0.230297846753254,1.8195353832478454e-49,0.2714348272669244,9.79068856122351e-69,0.19456353528973272,3.1071878756079665e-68
interlib_loans,prog_partic,0.27345457068557666,8.952806474395555e-70,0.3212897324827966,4.714704688606835e-97,0.22822672889896398,8.982031505021564e-94
interlib_loans,disab_mat,0.19612197252643032,4.306151196230985e-36,0.24276394444629656,6.2361414219709274e-55,0.18496669908309804,2.7473966903183764e-55
interlib_loans,vuln_group_budget,0.1959318513422665,5.035436096136106e-36,0.24397853029001507,1.7591294702848032e-55,0.1886915687191714,3.8600693369253175e-54
interlib_loans,total_settlement,0.20377950611692086,6.897401496274238e-39,0.3592381466343074,1.4739498311036534e-122,0.2603425603011223,1.41826905546746e-121
interlib_loans,acq_budget_settlement,0.19039332057346692,4.473686424556726e-34,0.3388725188837778,1.9970436686632206e-108,0.24828587629752139,1.791226506427041e-110
info_serv_requests,web_access,0.48403447881599004,7.058887928146542e-235,0.4718602515058334,1.0013768009336918e-221,0.34046745394022554,3.0561258415978167e-211
info_serv_requests,user_ed_sessions,0.4470351803454537,1.6661016460401308e-196,0.45247854446897334,7.396342216197353e-202,0.3297515392834702,1.387909722171291e-195
info_serv_requests,user_ed_partic,0.4585712735018759,5.76945118202029e-208,0.4681858894062739,7.353247513041204e-218,0.33964187349561836,1.516668172003511e-208
info_serv_requests,prog_sessions,0.35708866820097457,5.12725057753292e-121,0.36532140093151544,5.509275997046307e-127,0.262589197549815,5.244125711114399e-128
info_serv_requests,prog_partic,0.4215781734842786,9.903448976338468e-173,0.4626307127503748,4.188962336040141e-212,0.33055924804341175,5.86426538100584e-203
info_serv_requests,disab_mat,0.33635227803674833,9.481522683154537e-107,0.3370417307113646,3.3098203264693193e-107,0.24913193002726558,5.039727047597333e-103
info_serv_requests,vuln_group_budget,0.35749078253571387,2.6450481041292713e-121,0.36055072926208387,1.6647222636276676e-123,0.27469123657517885,1.726889281863217e-117
info_serv_requests,total_settlement,0.3135142122371417,2.924420195688795e-92,0.42758610101390826,3.69457571728332e-178,0.30167120522639007,1.40840585062083e-169
info_serv_requests,acq_budget_settlement,0.287212358461441,4.3373085112385236e-77,0.3784078683892533,7.6812276001014675e-137,0.2677782734755462,1.0534226813519433e-133
web_access,user_ed_sessions,0.4279554432795269,1.6992109225990802e-178,0.4523135056718729,1.078308627032144e-201,0.32046893980433766,8.333980913277375e-193
web_access,user_ed_partic,0.4734439714917104,2.0878085208844824e-223,0.4766708613650594,7.366176632887312e-227,0.33708325985971105,2.6322431719068256e-214
web_access,prog_sessions,0.3636837463609909,8.75958685931803e-126,0.39298451978882576,2.2922220267291263e-148,0.2776782287611392,4.8383002490314635e-149
web_access,prog_partic,0.48687177871441933,5.0851715342552135e-238,0.5052580365326682,4.052735173919194e-259,0.3551907818017954,4.1502371917701644e-244
web_access,disab_mat,0.35151501857656686,4.4817394490830294e-117,0.3764379299352126,2.5023499500634158e-135,0.27621937569701727,1.3184726539109103e-131
web_access,vuln_group_budget,0.3393518206290511,9.544961451474847e-109,0.34399277070993517,7.011811642377097e-112,0.25726836150933086,1.0279432654394313e-107
web_access,total_settlement,0.42295907298474833,5.726445883947425e-174,0.5359987896790358,2.0334542486034604e-297,0.38333654725997507,2.6334973150776406e-284
web_access,acq_budget_settlement,0.386309262467994,5.1395823344526755e-143,0.48467012022472095,1.4038204203397797e-235,0.3463328100363339,7.220332943826607e-232
user_ed_sessions,user_ed_partic,0.861895568030719,0.0,0.8667475669283266,0.0,0.7466290804015723,0.0
user_ed_sessions,prog_sessions,0.47751074873709864,9.173834820654184e-228,0.4809278981411644,1.801225692814443e-231,0.3451556176276052,4.979215352152919e-226
user_ed_sessions,prog_partic,0.5442141829360602,2.4305448615873123e-308,0.5819733773329957,0.0,0.4191208584350851,0.0
user_ed_sessions,disab_mat,0.3359939971051948,1.6365856375919717e-106,0.35019426874679427,3.748236439105159e-116,0.2584165739718773,7.105819870842156e-114
user_ed_sessions,vuln_group_budget,0.33452166077780776,1.5304315059150596e-105,0.34299915643555395,3.3213596504719837e-111,0.26064107881048737,5.178342542245629e-109
user_ed_sessions,total_settlement,0.3421375749348347,1.2736374386539306e-110,0.4963276450225746,1.0394673247816514e-248,0.35291011512210174,5.2977597814115894e-238
user_ed_sessions,acq_budget_settlement,0.3089047103146127,1.7377655673937484e-89,0.44584719482459795,2.3822567781779438e-195,0.3179221390970385,4.705859247375561e-193
user_ed_partic,prog_sessions,0.5102266518543359,4.7967138177951624e-265,0.5224100700545334,5.309725695545415e-280,0.3788569406036749,1.9455704889395295e-273
user_ed_partic,prog_partic,0.5893569584004993,0.0,0.6262566958106318,0.0,0.4540836717168251,0.0
user_ed_partic,disab_mat,0.36678789777344484,4.563405064244956e-128,0.3904109633793841,2.7406611038997203e-146,0.2876408056930223,2.074512252477201e-141
user_ed_partic,vuln_group_budget,0.38098347376317643,7.789081189143627e-139,0.3934977682994113,8.784060605178431e-149,0.29976676010400494,2.2681799311150107e-144
user_ed_partic,total_settlement,0.36755664932426335,1.230078450492755e-128,0.5391893659439246,1.2653443684064424e-301,0.38528922334029764,6.966215381351904e-285
user_ed_partic,acq_budget_settlement,0.33180624728241137,9.150732012332385e-104,0.4765238649851619,1.0600360939282221e-226,0.34113161286880633,3.2323768303150042e-223
prog_sessions,prog_partic,0.7891394071846733,0.0,0.7466376296794568,0.0,0.5716600069194356,0.0
prog_sessions,disab_mat,0.3209549272351484,7.63438179526504e-97,0.35022440354537715,3.571337928668324e-116,0.25440620881692555,2.7399465912932497e-113
prog_sessions,vuln_group_budget,0.31925929283892096,8.685186326907782e-96,0.3487926067827298,3.5307998673158075e-115,0.26418206066723793,7.676331300197583e-115
prog_sessions,total_settlement,0.33619773660866614,1.1999714861165538e-106,0.521178062564283,1.8419075757771507e-278,0.36960548978169333,1.1432007551482008e-267
prog_sessions,acq_budget_settlement,0.3056789520337235,1.418312964461374e-87,0.46201658154713526,1.7859988778073915e-211,0.32668223688255804,4.8649261928841676e-209
prog_partic,disab_mat,0.37689182836546026,1.1237840357807821e-135,0.43931876093885525,4.4081974947087155e-189,0.31876854152885686,7.484730871798458e-178
prog_partic,vuln_group_budget,0.38964551823428295,1.1277569956492566e-145,0.45813294944663185,1.6021701882830347e-207,0.3465146674773579,2.2065245423895335e-197
prog_partic,total_settlement,0.41878025456723333,3.063819938555477e-170,0.667472504612467,0.0,0.48521150804959773,0.0
prog_partic,acq_budget_settlement,0.3876658287269828,4.3011577817459646e-144,0.5669658502847329,0.0,0.40675761415896605,0.0
disab_mat,vuln_group_budget,0.552581576206495,8.806e-320,0.5615089963748879,0.0,0.4505598155218906,2.8356979903834915e-294
disab_mat,total_settlement,0.3145438032519418,6.9125545341468736e-93,0.460597834073897,5.033225301444118e-210,0.3398150924422394,4.588808690623451e-202
disab_mat,acq_budget_settlement,0.2758006542601843,5.420955708588151e-71,0.405167828049413,1.8624272510097346e-158,0.2981359894891834,1.2907658624642062e-155
vuln_group_budget,total_settlement,0.28751676418441235,2.9554768150491213e-77,0.4313748300060757,1.2226272209224233e-181,0.3259247574560899,4.586725474815555e-175
vuln_group_budget,acq_budget_settlement,0.2681913987283738,4.3704133610536325e-67,0.40637156569207655,1.7782676955176928e-159,0.30859793479962033,9.278580513265265e-157
total_settlement,acq_budget_settlement,0.8652036431494785,0.0,0.8001227390536205,0.0,0.6145663154384315,0.0
